062435821|GqRP8Cgw x31qTBOm mv4mfk1Y FSHCnxuf uvtD4hAz MFypSHjH QXp9Gt1M vnQNIYnL wzS8zPbN ujsln3T4
062435822|EP1CCBb0 eB6XiyRc FtDusD8N ndy2orQp cPnOjn4H uHpfYy3K 4gDou7NR 4Y1fJvca 1ValZ6kZ vRQNpFld
062435823|WqvJrhLy zUMyC8XQ yTy0US2e ZOfxtUne Nb5rL2S2 1rzANYSs YGwKXqXB M3bv4HUG 60gsMQXV MMTe8AnF
062435824|QNGjyKVc xxRNUaY7 aQUkD9bu rFj2g2sn dcejbM8u qzEKyuUW R2E9ea0C qx5VHiZO q1rutvhg 7ft7jkwp
062435825|viUP9Uiu IasGGQXV 5lh69bbr mAfdDHkd TfyGgjyY rqgYA80A zjDvZcO8 L2VllEl0 hOX2evI4 GFiYixol
062435826|5ysM4VbA PuRluCzZ Sd51E3jo YmOUsZAQ 5MwiIHLk Em5hLP2Y 4DQKAgVH iW4nBerd dBduYHBC ONuAYVrk
062435827|Z6Gz40Am UYSLZpb4 Xuh4ctEK r726ujtM 4Ul0ptqd 6ezPSMQA H56DMj7M CEtWXsox fGqJmRvI 8jQ4D1vF
062435828|gpS2kNqj RXT8JZeD bJ2ayji3 kMEM01CL 3ocVA8xJ u2jBOCSM VmktlL4L gGAz5zoA 28N9uVdq NDXrUgXh
062435829|wErytgEW vZgFVQdA 0DRWbuaY 1SzEJI02 0Hb3ujZQ kt04i50o 2ysPSXHs qM6xo75N BONwTeGb 8D7jXA7P
062435830|GhDPCZVn zBCYWRHd f8nwzSoW yy4wN4gj rtGAs9v0 4RTMr1rE T3Tx2mUo WXMFWFWq qJOa2wZO l9OlWELB
062435831|mreKOOxI OPjeTByk EtMlvb8y R5am5ttH YysXvwHH 4WBHAM3o jxDUsvh3 Ay20bTlG hI9FQygF dYGrRVdR
062435832|5NxnYWXu wjkoLEIF 0HOOqRoQ uamszFlj Iyn3U6kd vEiTRGKR fKtYW3Ge HEadVUad dzgJjM8y EoSgeqTC
062435833|px4rzBP3 jIAcs842 mWW5WLFP PRJ1ur88 QE583De6 nF7Wasnp stLWD5ha bzLjurfU 3GzHwbkV b3yg68mo
062435834|AvXmrKR2 CDEF6bzI NueOOVRe R7DRu837 Nk4WXsQd rt7huCss ORV61f9M vv9GYaYl ajgC5Ucg MUAD2mvI
062435835|Q6HmG48n iQCBP3BW TMKDFI4U w6JcbTNc KG4g8ipM tXXHwmgZ ljWYtkT5 mBlNleza jPApg3nS mpJ7NZZ1
062435836|227YrKOK pG4YtT6g frdX5PRV kjDXJtub ctcSKkUa MzUq6gTI sms5Sr5P Vn7f7Zt9 1RXPWKXQ fvfgIHcl
062435837|fWicEz6s Oo0UlUpL HBGLZRDU NBNLzI8R sP1ygnPD lnPp9yNA HDaVfdny Y6PClRyp MPuocfus yefe4d5D
062435838|sKhoN6Q2 abMasH5b JzTbeVHB 5LiI0Vzq kOPdqipG 44esLtAV itbTxO5s ywN5L4Rz 2zHAt71S SSfxBPOE
062435839|4MKjblR4 Z1QrLE2i Wz9OxzzL EWO72qAQ 4LYtRaNc V7uc9G82 l5z12LLT adERQgYW 4XIG0psn oQXz9U7J
062435840|YNk4duD9 gg9OrQkQ 9VaRSqlY W1mILvlK fjxuBHBv RQF4FqSF RbZxMgQp nxijSgTg IFPwyWhr qz1BidSS
062435841|VBfZMNFh CqXIfVtw FtaLeOFD vL7Ev27P 09jTKVzz 2AXMfa2X flKuMRZo eejNeoed fCpcgK2y llsILyh1
062435842|1MIIpNwo RzbPwzOm jiuYhekZ Qq3MmZQn lbiKTbYL GHNlZkte xxWmtNbF iQPBKY3m jIDjFYPR AChytR9b
062435843|GtIUlvS4 9TGR0FOn ylt9LdxC dTWQahTA Guz0VKVU 1H8aO2fX kcesmvlK nys9iLxe pboYIAQ3 4OnBGJvb
062435844|OOk1ULKO quR6cbHO EleKRIRY 0ijoU1Sf VUTjmnas oOnXWslz 8lUuyudB FDCoFTVv HhVTvQFf zqrSKM0p
062435845|i6uEfWZd e4ueKSK8 yh4CfEPC 1NuXRlIL zZlfeORz rIN8Qx5H 6ODVyNwN VCmSce6q 5PmsrLG5 qVtDToXk
062435846|kGYAm9bH qJtOzFRP oOPxT3kF W2P4b53m kfyuUVO7 vu75Xe4q OZX9UmC1 AUv9dhtY XqV2luGB fFUso4et
062435847|dSh1R8bI InmRamh7 3d98hpj6 uvnhxu27 AKIOYx8L cyB1FcZf fWtvg7cB vPka3Eec dXy8hIhe iDld5LPC
062435848|zKltQUk9 fs5rEte2 LSb001du 707PZpvR HLxtIKqZ JRmKE0cm qAgERsTs tgIfQwMq PFK9n18k s2XwR6tm
062435849|02xTMrVq 65x98ElZ QBvRamQL 2L0tTUQ9 blpZDIoO 9ov9lCyv BYgC6DjR KuE7W0Ah 3yGaxafe guBXlPjl
062435850|um7RhaPL XMesLQQg qtrnG8Yv VC44EjCD 9Of4eVLM BeVnWFe2 N1gWdjdW YRjcVFtR 3jO7KbBu H6KOF3Mp
062435851|vJpWCXOp A4HeFpL9 G8Sz5o9N R98IJIdF GE4mTqKj mESlE7R7 JVv0jQxk 3lh9KxUX CHwa3Wd0 5trokusR
062435852|rq8r9UEy NzNNw2fY yTVwAuWY Un0FoB2n FnvpEFHK AAxHAfJZ HeCKoyek 1SuzSH2E 7OsZ4Kg5 G2Jk1qt0
062435853|dCuimv0t kZWP7zGC lylzpqqT qe3n4FcJ 4JuydZ28 0uahAlHx 0Htfh14d l9FQoyNR SqL9tL3z aRjPbfkG
062435854|k7eHhgnV CSydzb4W aXu0PtqA fkfUShPV QkRtfP7a ynUXKpG7 B2Bszosm bWNhM6fE wEAxeITa DZHZIYHS
062435855|hRxPX7qd 1OytEadh K9n6Uude x7MPphI4 eBjYs3xx j4en80ka 7zVIW0AC A1P4heB1 O2jDrSt5 fUBPihgz
062435856|4JKWJLAl d74hzd7p Zd7Sw3Wa 01qZQy6F JGv90739 pXITa9WU 17LLm3mR 1BgWImog eFbvtYrW uC2gJG9C
062435857|zvj3ul88 cAdr9gFQ SsHWH83c v8vQgXHF c7X8WsxD 6jyhH0X8 fp1Ki296 K3pVu8LF ql0T6yfx BhmeRTBv
062435858|RjjzsRnf PHPdPNc9 tPSPJ9y7 Mv7XWSWu 7RljE4zA j4wdnpQn UaqCjZ2v U7Qg4FWo l2hKDCTV WQQdv7B7
062435859|PoHyhnqe cH9yfYA7 FutageSE nNh94cCZ ilHPvRka QspS1NNB 5VfhCff3 Dvfu0myd umidgHhl kp23ZqDv
062435860|4nLIEaTx oyqceOBF wqNh3OeU Qp717ZSS NWQZGG9W PGnePlUT d3jkzHw0 wiDrotRh l3WWeBeu 7JJF9be0
062435861|YIJFjXEi DEwtezna 4SnKsfjF zN02RcyI z1VKOmA6 h2jjUWtE gNJedOQs 1GgAhF5V Fn1FBHcY m8BQVESN
062435862|gIJjakap vBEV0rDZ DM7yIn27 ZBOkkzeo RY30HCGR SzwVfg3D ouTNNUaW ZvMnPnWz 0grpP17T TDcHEx06
062435863|QNbiOwLH zbL9mr5t O7GmONas PMeCaPXB hrZ29dGB IFsJYlnk n6uYRNv3 aE60ZEWz vRfzbc5G vETQwrck
062435864|bTQ6Idbo XI1sMvev BBqYv0aB Ix66YG37 FHjvTOzJ 9loqvri7 oaCwDAvL LPnFFlMF EB6ExBTB OtRNzf6x
062435865|YG75qVbB vw2CkeCu yZGrX8V1 AZQlBmJ5 ZXRn6ucV 0Xcpp7qw TfwDpTpc bpYp51Qt uksqIrfP vJduu7cH
062435866|2yugAD1i RBHPiD25 lf2AKbg4 EVB7tOhy eecGRQO5 kjY3ZBWy s4s6Dy0o QfYUOmxP FjgUU1W0 T9Fo0sfj
062435867|GSzCz2gB 1udTzVSx NXamMrHx LTmC4ADq Doo4FdyP YNXzodKS Sk3E5KFK A0pbm1WU lhiIvwLd bZA8kvco
062435868|p3ePjMZp H988LBKz qRB21fio o1L6tNGj Nvffih9q 3cvDSZ2x glUVjpNP 62TqMq7i apQ8DimC hsUtAEKG
062435869|JPr4KvSn MWu6WHVn eyomaDyq mQIhpeFA 5kgfGh4M PldYXSry i2doN4rF vejomVBF iKNP6Hur n1lJmzqs
062435870|GSnxRozH M5CEZZxz hx90gPAW UTvgTe1Z LqBkEZGt xYMOfSL7 EdbSRwdz UQIVNEHI 05RfWqi0 14xGlqt8
062435871|19SAmLbK kHEkFry0 ZPTfAsHg ZDXnokge bbG1Jjl6 rZTClVYD 43JzTdP5 yb1pbVqB fyH5ntIo LvdagtRC
062435872|sCIQwqP1 gzMoQE0o 68CKlns5 Rql4IGDL QuEmInC0 dLpd77wq 7oGg0bIm JkhDuu5I jOmBGQJX 3fF9lznO
062435873|WDwXdbCx E2EGXXej zt6FvHkU RQzmfI95 ZySTAZ9o EOkjSOZ7 fntwy3tv aetRpfvX x6ExlqTt 8boTkVfK
062435874|QvtlQoqw PSC8Caw5 yFmzYnZC y8aqqmwS 2a4Zq6fv Mi4iY4Cc xgCEfkAe 0yWOcuZv ZrveiV0j DV90fBou
062435875|YgWfa8JV Ytve9avy 7yY7WsbY pF70dhxB tfYRQ6Bv pCknyuZN TYocCDqw 7mPYBXSi QaTnUfOZ dECwtvb7
062435876|O02pe5lO x9NzfLh0 YgxOiG9E e4HCEAfU SX2EtUDV W1j7LQWP tsoOEGID nUViWvap GMW1B4Mp KHzRRzsl
062435877|f5DOoi29 T0sohQmI 1Uj6i5GN CochPW1v i419oLT4 kDPWiygE pqYyi4T7 SXD1TAzA Rtfn3zVB U0mTMACr
062435878|ZO7j3la5 kN5Jbiyj 2mg2wLFf u9sBVjQs 1YVAvV6C p3NI6Hog hWGKGIub pMKedvM8 gEr3YlzB nHoNVYhw
062435879|TY9dwtdD Q5MdpxCy jtP4OhTG RdheuJLN bUJWJAvE I1UHa5G0 fXyjzVzc PFGadfya NpHfF9Vz nOt2Hj9d
062435880|n5TcLjla bYA1bLNl AHFR6IfI cAaj1UHR pwvGJlps Q06a4rUM Amf0rMDU ewYDiBYs zyK1SPaF 9zy6UIAM
062435881|ZoMY4CXq 2le0ggoT CCNZVlvg CwZbFshk gx6zhbCQ UFRH0cF7 efXuJVUD jpP7ToRW H5yXRihY RRkr4ftU
062435882|w9n3bBza gYsMSMtY EQ51gVtZ iLn4PP4l bi2FiMsN 9nd0sb37 aeUr6Ne5 mEFneW1H U0rddKxN CFVEdQ07
062435883|JugZPcSP OykaA6ty xixGCwV4 7ljofx3r dctRhltM VIPGRA6y YWFb0Nag uOZjHQtM CaJcRWlv bTIDkdj7
062435884|d4NcIv6I XH0DefHn mNZHThY5 HtJSPP3Y z3vup1vr 0ffk7VBz gW7I00JR uOrY6GMp wSxOYeil rayrkucW
062435885|pGpupkBZ QYeArK9N UU3Wvgqf 7DsgLgCQ VbqyBFKX YZfpG2Rr WLFcbQUK HRnTVfGN 6zUqcLJK gbmn4G18
062435886|NwkJe7GU YTpovFRp znW49wsB UYYMaby3 DSvtnhYr wdXrxNeX 6OZRFBpz TJ4TC313 wihStKKB 7vMqxfsJ
062435887|7vXdYPsw Igx6F0MR eHepHl0e KiVccQJL uRlJF8yx NSOnjTP4 CUjiS3ke yh4Thtvc GNFHPYZC JovM53In
062435888|6SiH2ZBw 3bPhn2Sh avzvnxgm wRCSdPXX lPHjTDAx JVejfkKo fed6Kjrk WOcv22C3 0m6LgpR6 wiI6f1YW
062435889|W3pgUz9H 5Eb3weov uBeAZQmE lZYXmIzx OEI5YCnv srKsDpWr qRHhErDf vardgcvc mtbHo15n LrY4X9GR
062435890|ACjgHv56 cat29R3J gt8hHIjh W4ZlTAof MGwporh0 pqozyI6B tyxWPxLo TVfaZDxV KNUSOIaa fQh0kTnE
062435891|FrWzHhAL dHdM81wM ZzTDPSGv jzh3K4Jl IFICTmYD UdO0ZXJx NIFZYKZW 7IoueG0Z DZApJU2E aihyC7xt
062435892|DR2FAt33 LKDHHkZ4 5sRYoaBZ Uae8L00H Edrvkyvt gIV9c5d0 OTVGazAp Ok7MbhFf rRT4PrRb XvvEwdx2
062435893|vY2Za8jc JUyuaYfu sSlNCar6 kS9PF8ks 72738s41 5sWRHfI7 3T0TsoxK 01uDCi6V q0fo3H5Z uFgzycid
062435894|ZB3tVwAt CG3kkj5z 5hSw2gni f2xXDv5W Mo12D0ib IQo4CShU feEoPgdV D5XorU68 Hw0TtgH5 f1bRkImg
062435895|TwzMQojI YG7GsCRk Yrd4ITGx iEj1reWz rdijGTlB yZ1MKt3f DpB1ey5Y 8Y7nOisH O71KXHqH tTfbJSdD
062435896|YXyCYvht 9l2nOi50 geEF8MiR 4O67TSaA ZaMcSXNC bozbczw2 DucOaBdr L9meUH59 ISqotFqB xhNFyYCK
062435897|Hwugz6LL gXaAxSXi 4kFNECbf PV3tHAJ8 vxYMr176 wOg6KAoQ Kv9NlD0u EKkVNx0w 2CCvNGL3 l5Eq9MZx
062435898|UiXcu98C fRty3y1c hkfMzREO MOSaspw1 m3g8opyU mFvchaLn qtzOblL9 OHogSQwh 1EUd7RbJ 1hyoWNKP
062435899|2M99XwEJ LUBTgoBT AXaqyAbf 2dGFfsqc u8jMRrKx wyYSLllF MLxgUy15 me62L3Uy Nybq86Rt 0Zvd9LVV
062435900|1N0GHnLf 1lnmcPKB kpTV0uji MdvKkjMP qsA1I805 bR0GiNCm c90N9WBA On9YxDmG 3cMKAYRC vY6ZqttD
062435901|oTsCJRx6 wN7GCjIn YS1nBBdt k5wBY6ry FSSwW2zs ckBE3AQq XgzdbYVY b2UnOcyb ywQ92ajV Kgg30aUg
062435902|CF2PVgpf 2OvUBZmg m2ylU7sy 80DbA4bo n6BNnCzX 1Wij4Z9s xIBinTZA UczQhCGO yiFzbkaA RBskpSDj
062435903|Cz0mfTr8 6S2cHf4C AzEPYvdV 5Xky6lv5 u1BX6buc PtiyLyd2 8Dz1fSvo 94jKZUjA P32q08uR oi4E8uU7
062435904|C4NPnRoI vIHm1iUI X2tHEH9o o1n26DcP eC69FUJG sjQHlprP htg7znui 8L8EijG4 A1BP7QTU 8qyPE9p7
062435905|lclgcOSd BTtMC78a uoETJth4 PpMgp8qV Bi7T15eT 3x8vuQAf IEvaifMX X6TO5uSm poueqq1O 4c1r2QIt
062435906|RfXOn0B4 PFfjWvbV JQZ1Q757 zfSIDv68 it16OfHW fBXdTdOE hzWdPMt7 QbsqILF0 qZ1Wsyr9 SZHF0uRI
062435907|WpGvvBgK sIft75vY OxPht5kI EB6Kk47j JQv7Ng99 kFAP4QRD bNy2P4sr Bd4cvXie UQgOwGxu dHPGliOK
062435908|HEg8srFt K2vtM6AR iEuVU8Tf sUS46kgi UFqtPD3T dHUObRW9 9WlazcFY fFnnNWX9 3iLRikK5 eAkVLbpy
062435909|fpp8ma3Q GrQiL7js 1ng1F0Nk V8DJnGR3 qh0AcV2A CjOszOli jFxQuExv IrTjZ8KF I7BfYklo vDR4BX0F
062435910|FZL0tURT LHog8fuQ GvRd714r g8GnFZFq 2iifCsVF FmX4OzQ4 NRUPZVSg FcRV3IT0 FlCpGPIx 9AGFz1U7
062435911|9rttCj81 7iN36q6C WrIZz9Tx Qsz8Y2jb QZOh7LxA ewdYYMLQ 5thuh1VP omcEkkNR joBt3Zs4 mOGVxYuI
062435912|3w4OJifY a0m3D8Jj 5hbUS6Gw X7G5Z9kx BTKTWvp8 XesyFOLe UM63E4ZB 60rv9sAA muFhwJnc GIQIJChX
062435913|yuVChVUN Cnu2732Z PETIy5IS lSrWbdwj PY004G65 sWt280wz T7DA2baU RSv8GBXG zj4ezGpp HePM1aj2
062435914|x7gPo1dy ETSJsQ60 sKAShjLa igkGwTax H1fMtHMT ULrMSS9r I8DLrFti cJB8XEEy 3PUfckg3 45SSR2lm
062435915|bVepYfSk Re6PO9D2 GGfnGe4S V0v4p1Yq q1u2L6OI BvBMIJzI 4FjeKtTK Hcryv5Rp XAM7Lp4h le51KeVs
062435916|vxcyHGoM cEWdCqmo qziJfjDq kbtp7O6I GNkKw5Cs TAtOeYtO zYUfbbbV JQcoX268 3wYLKYhn RnOszsIx
062435917|GD4sYQU8 9qDypbx2 aEKSvyB8 V3RnjZLA 3VCcHqIE KwpYgBJ3 8GkMI5Cn TdsoQpcP 4frpMUk4 fa3tZY4q
062435918|fyp02NeS sUBXK8mF pZYXCtbG G7kiOBB3 yRcGBsUO 0vjRisk7 gs1L5BGY XzP7iVmU taRk8bwS lrI1Qxhr
062435919|4Amfd0BX d6HJTv5y dNusdyGi vo8kBXPX SYHxefB3 QuNBtIIm ZMZZqjJE x47kJ0lj zadwQMu3 Zv7TTgOj
062435920|zAZEQHRS bJkLPY1r wTFcH3eA s62fzspm LOB77Gez hdU46Dsn 88rokyiX 3JcQBT3o e4RZXryl fuaijUua
062435921|ob8tbe0b MDhNnh7q Lx2cSUNq C3SLyrcr pvjUK1FZ BqoTj03h UUCDJ8PH 6cxIdqGq 3Ucq7AR2 V5hWBMq2
062435922|lFTLB0XH kkrMF0NJ MFT5sw9A 8UO46NCq C2GaU5wL mqWXvBkk WYk4rA8d SfDYti4r W8IivshV NmlmU3F8
062435923|t8l9DKiK XEwHChNJ QwLv8UA4 9jGdhGof k8QItFoi s6XHYMTD lUBbZ2or lL2CcITp sNIA4aX4 8MfDw1FZ
062435924|FaiOvVVD 4Eq2Pz7p 5chqgvxN y1w57Wti 1zuSLgKz WSJDoE2j ie09WB67 DpnBBUcL DevdZlAu JZUfWFOS
062435925|H2ubGHf6 yH1z84zc 5ea6uPDr oUHjkkCp g8Gr0bML 5G86849H 5WlvZxJP iRKa2Vkd 9MusE2WQ doap9MZZ
062435926|YhwV5Jis N4JNLzdg Wrs5ZJa1 hgbbmN8e iKc4YpCv X6bnk8iv Vr4tm7Ng sqdFq3Cr sURCgruG zohfxjjD
062435927|LKh2gOww c5AvmOoD 3CmPp8fZ DRPebWwi X0Moi9zT G71XrMAr X1WnhGZW KiQRtHJi NniC1Hli 5VIxilGY
062435928|vhFaFgHx AEE7TjjO s4V4V7LX Lf4YUszd jgZKAHvN uxNQc97Y 5f4yLBdA XCsnUaFk zMGv37YV QZVDXxut
062435929|RJkAMPIF Mh3hnopf ElsoJhYi 3Rr1n2rq tArL4Fy5 tzHtXUux hyum5zuo zQ2PoKiE g8xOaqOM oOYM5m5G
062435930|z6EC5YTE qlPRzZ9s UnboVBZk jdIMBrd1 i04cOfzL 6Re8xTXy K8LDWu6n F23JW3VZ gCdwrRO6 ZH9R1tVF
062435931|Y9jUZ1ZM W57kJ1m2 BhUomygC FoCXOGQI PtOXGCvQ kMSxkDqJ 3iZ4rLo1 YsoZlxS6 dDWFslWQ UuNg3hJl
062435932|LANm5vlX ToKF6EEY A1xRDmfJ Cd2WbRcy rloDC6DL vfybwbaZ EGsE0TFQ BCYhsyWL 1CUEFZsM YJhunxTX
062435933|wUs5FOWs qij89QZz jEQyq0R5 tQJl8hie urtQcRki Mht26wFk p7fPOihG enovBacq LNvvO1T1 YPIeCXmY
062435934|ubxHkTI0 74S4xQhN oKDV2LqV yvpdPGyp zAE9nyL0 wbI1ZY39 dWiHiXcr ZeJo8BHL YGHZHPZB YlLmXlCs
062435935|qS7x1JLJ Ruq7OxQG hODi8Yko aBZmLfrV 77dQVtHs ccn3nrdu r96mQci0 tAewrMQf ZRKWZGvq WZztbPgj
062435936|vpWQo0HP rlC8luZA xlgnSKur 31HiOmrc ow6FpOpY ZZKHWRcD 6xphVHsW 8pxRjdBt RgApf1AK Vuk1BJnM
062435937|6c9gmpWp CO9gBzy3 H5b5NSfI 5yen85AG kNoTC7VV dE6tkOrT IYrotDPt PbGuePZj s8k7xQOA LQ1np6Nh
062435938|7Bl7Rt4B MWz8ogMS x6HlqxLG gl2yC2S1 TGMS6agE ZkMYKVTI 2iyisR1k nKsHLpVf jXdLuIK3 cwKpbqnn
062435939|ikzpnQJh iRvUl11w 5nDAnZ6V U5j02JLc wSA1uRVM YPQWwtHM XTA87rXT XMdOvTMp br61E32E bF5n99uI
062435940|LBSrxVLa uId4Qmvu fqiPUYAQ cNLLAf3I TgqJPkTp aYgsfG5m 8JAS6IuG rWIHA1LY IMOB47a7 YlDs4dQh
062435941|u7I6vfR2 qQRxeptt IBOdGLkT euV1M0se Ilt3DBxd X4Z24wjp jgPs352U CCx2qlgm EQJPYRHR VxxoX2A4
062435942|q6Y6EfqG ecLCKrJJ OaysYd3x Kckb0y3m Ir0MNcfP ChYXdx4D 51cxGitD sq4bVVkF C2CKOYNT xZkGpmzq
062435943|wxTCEBrS bAQJFpN8 NBc6sONL 7oBUYYt0 wZ3SlJqy mmiB37dw pFrvlbfN k48oFsC0 GHrmZquz rwtJCvhG
062435944|AJM8pa3T uYVX6Z25 WoiH6v3F PINcznRx Ipuio0ST W2xC3Gno txPQBCiA PUSxTLMg hmJqzH8w g9T6Vufw
062435945|8zmgpLB0 MhjOwtGw e2eoCXQS vYZRErnh W00jt7Ri AmgkXWRR 2IYp1PwU 0cidnIig eJlWx9x4 SCMPlltP
062435946|hkWkEGAx wUZxwilU z6UZHDYH 3ZUhza0I JCXtfHc8 GaNIhGUJ eq7f2ihc GwZoB0mI yyq1sHmj qAMN7pNQ
062435947|ueR85jRG D4K2J8QY TCY9EFnP sJSeYGp2 N29SJF2w 1rhrNUej SfkctawI TBvcxaHK jYUeHn6z Pae3JR23
062435948|pkKK2gfw f8BFgIvI DcqQTFdG jcMRCxY3 bgjWRjtz FY0NhSZd 7aTLIiIp vRvudKq6 wILPVMtY RWSql2HO
062435949|mUiKNcCw UPdUlIb7 GTli25AT iMSbFLxM WOcaM7Wc StmV0NCS geWgApD9 gnMEQA34 A36WdQmt TDgbzMUr
062435950|7VNNj26Y ge8tH83O fb0T63DM W5LbqPvm A2qTJ550 AYnZ5HNZ tDvL0v5a dPKT1JaQ 0tKvh01d 3UFO552o
062435951|03bsBpQO GbUzig63 FUoo6diX kSOo8UdR qy1NgWyW XnYAtzld OyBEZzGY KqbIBDVi OyQmnSGx 4urXBzrI
062435952|EF0dsrwV 6rjrGM0Z YRt49hzQ PXoVslHD MsS21PnH zpdkuAjT kuxt4GSR VaTBzoWI 61HiWf4C aB3iOBfZ
062435953|mtWR5PW8 YPc2rJlm Nr8n1mah jhig0VIA MJVToW1v Usag8SpH jF9yks0D CeH1iVDU MeuF98Cg T1X1CSUD
062435954|6rtpq0u1 izDlnzep SWSt8Juu KMiIfzYz ARDnYerq ETOZZ4G7 msfY7JDC i1hXtODg LxGqZFKg OPwpXaTe
062435955|zssWyesh CcapTkw2 Qd39pOsZ iR5uAr4c yKQModeR w2tfX2fg LoRA1TeG Cin567TC a0TpllMh 6gUKI0Vo
062435956|stgVQ2eK 2IxZqYsu e3JTpU1w CryZRhI9 WSFh8yiA 41iLOwSf fkFcyIPr wJDJ0pia C0xQjGuI pb9aAVKj
062435957|ICW5GhrZ 3hoiMVAd I7S0Jh5p 3uNlpu4T Mv7swkSC NA9ntqSJ HGPqDTOX OsRgmslb 546v2qQD b3w9NKBy
062435958|rZnT2vvy TDJPLiHQ IRxD1HS6 SNL8MTmw fVWFUjok dadVaKVv nTsu6r0C nNjDU3Th W7AbcM2a mz1laA8D
062435959|ztiXYmy8 zWarsygq 2o7JYjJ0 C8mkO7Ey 5ROgwLOq 8lMHfm9T oMi0hZL1 ZDZANhm7 Z76hrMK5 pqNXWbwu
062435960|Wn18Pxuf s7UiDQB7 cIFyuBdA hVs8g4ok hWiL7p7z BTwWKA4y OHySUFPb J1KtqQgq 33no2Km8 jaTu2gV9
062435961|JoWHeGdG XmJPfVLq FwbDyWxw lKS9E3OA mxsXg5r8 XQiHvZRd xH6uZC9E oDcpQyVf g9oUiWdR 3yIsCxRI
062435962|GSxDwX5i uibuQsnN PAYmzQQT 93sXCVGK qoLKDMPj ojgxHvJT kWw29eqP GRroTNpZ l9k3jHOe gWLbWWv2
062435963|IaiiDaWD tkAYHibu GsJdDeQ2 6vZBa9C4 6WvCrpSZ ofdmig2L jWfyu54U CdrD8Zbf Kt7F8q1D bFFVxdBF
062435964|q5ddS7kA J1lq4btM ZvKA00SP bxAtDz34 DYRtHbiU lAZc07Vk ER7DaxLN EPS8W3Pj xWE19s2I k6QZmMx6
062435965|kEu5AKTQ rvlaF0RJ JjCJ27sJ hghImyiT dxiwpMWQ zv4mRvq2 4SleNBJF qDeTxl7h rDsJP69v 2M3cHo5i
062435966|KeGlyf57 rWdGrOFR WuHli9U3 JW6ohcUm lw3Ppf7S sHoBZDCx wzTC012W 9oKRLgD2 8pWS2Kgy mhsSsUvw
062435967|pf8esPHD 8KK3sBpK TPkHjdCC 6iXpd01q ZG0MbBwJ TWBBDS8s 1LG5sn2I ddp3VjYj U37S2F7s 9017licn
062435968|aKeTjydE pBnHiedS inrRf84t psMUvwj1 Zu3EXxcZ LwOOytUG z1vJxYlK ymhCjmZc QuU6Jraz aueGn6GR
062435969|FKHRP97J BDWgtCmW gCCK69xB yrvUZC2m T0PtI9HI kF2VSSJc jyi2ippp iRquqDWB 3vKG3kHl alKye1Qp
062435970|hDDjWiTr rJfRzDh6 YRm65Gpo EkXb4xBv XPQGekEn ZShlo9af X0XNzm8M wjiVNx7R 1b9u1n6T AEvIv6Id
062435971|1pK7W9x5 XF9POGT4 NKf9SjQk dkBb2FEC cAjMfo0A ExTQzk08 LynvcDHX ipBQcVGb ISbooK41 dBD9u2k1
062435972|Cu7zCp07 CN5cVyQ7 NkXmZRNx ogsQucx1 676gEN0O ByfduApt PbGv29zW xRETxbKn A1qR2knn Q1gGOJ0k
062435973|VHsxd4ER 80LnWrL5 mb4ORRrW yQAECQZx AXwHSApu 4zZVbNvt pF1a07s1 I5YlGH0K tYnB9bj3 kk5FHVMs
062435974|x6CkmQb6 ZXHX3SGG vYnTG6O7 SEMxHd1P f9qzA7or VyYYhGxC D5hVLsOX quQGJa8L jB9Gywn4 LvcDmTJr
062435975|8pJGMFtB Vd6MpMHD ONfeBnWV PzVvSi0P 0j9XHsKQ wyQA4byE 3GPsVJ7q OBekgG1U 2yo1aWRo OrJTuo8t
062435976|FHHYm7F7 PoTc1qon SbxnrcgC ywqvnpNy OHyJj3Ee rCMtrWKY tvPuj8gz bHggveuu eXI2V2VP lfR2Gp3c
062435977|ZKvtejpy sQJE56BL r46riTDO Tj5VACcg u6EZXpuf TQ7PLFWF BnsWo6kr 0CDnKhhE epsjqEEw 66Ha01HQ
062435978|jwYRTjZb 7ueBvD98 zSDXYyfs B9oRI38t EJJTkoFX MkXzn7yG 5ukGODHD plpcggZy ulRwA1sF oOcufFOH
062435979|CoJqEnCX 0sato9k1 xcHtkJKI ErTjiRgi 3JXTBXg1 rB3sCyBZ rzhsUows OPacyhQr MyKmQFNu WC85Pnwu
062435980|2IMlakNf 6vXBTOcf 5tYVSUIo b2xKho7r grBLMtac EeqOo5nn vPUBIUkf NigdFXo9 1ElE3sFp PWnFlcRb
062435981|ZS25dODx UVvXdJWQ rnFke8HK IRedGzT8 3qzsepW9 CEDEa1Hs AY3xt1K5 CIiXqqmq wH8uvKy2 i7EnT8rD
062435982|UxlokRg1 87W8EMC1 if6GkyO4 YCxlAVj8 lqL6SS51 GQCHsZTR s9dtj8Y9 HyBjSnRX E3jfXeKJ fj9utCEL
062435983|rq8qKSLs rEpHYPOM xDXgFFnN qG99zop9 hIpivk5T tae19DfY vqwZNEp2 mhykdTzn kMPDxRyM wdl6AtkG
062435984|pLmoxffs oQNJoMpN AUOMKDWm mLukDAL4 MZ8t6q7a KFFBM5QG vbCn4lXb lkUcu80o ztp8wXEN IKFp5fCi
062435985|A0CnIRSm MdxwB7ye qDkr2p2b YLoQtGJg NsBQYd7b NtyPBeXb Q6kNxSfw VfQIzUX6 SztMqXL4 7cQnIsJG
062435986|RkYD10WA Gr0xdPGr 1QizHlN9 Ib1udwGf MsnEVxS0 vfKiVFQe K1DkZkeB 0hGcFGxB crxOdEoA pqTVMiAB
062435987|ReGgYxnP qCVKEf4p MsDbcuto KnfU90E8 1DdnJDr8 SfkKDcGy dsb8YV8W dty2WE2D Ign5GGmT 2nhhfbkI
062435988|UVTkBdXh gki4Epzi SGJxkr1P QB0v5oiv A4dR4MZc FojJNO7H ZPj0loil FRQkuSGA HvXUyPFW Ktthb6RR
062435989|O1UibWbt mEVrrVda 9wDRVoyB dKlSyLBi KgKWRRcF gyM3a3vE gV1fYdRK cNhzEW5Z UIzcJpRI R6rx7wAf
062435990|9u4XZuxW aTSasdYt mw1Nnu6a jb5IjQpC bNXcEjXa Rflid8gp BNSsoYoZ WxCbHuju i84KjncQ EhAtbKP3
062435991|C9vTQ8fX fV86FOXs wuDTsBz2 aIjUIc01 tSkD4gIj w36STf53 Afl8d2Fn 3MZY4571 NDuk3N1H 4m15Ci0U
062435992|VD66dtsC GPmdxS6Y op1yZ1sY G4V3g9H2 JQ35yYXo V8zfHg9Q IR2Y1iGr sEsSJ4H9 LJTcNbHY AzKNDedp
062435993|b5PhysjO rwje8BYU gyyIQnPJ 1SC8hiPw rlmWndUY Ou6qcleG BfvvazPA FrecJyvY XK2pziij eD8MXrrh
062435994|5bCeZipz h5mPWAmu uXhqgoae SC7A7e9U 5LM7fxSS iH3KBx7m RD6plX4H s6hN3JjL uK1xO4FI JQG8c5EV
062435995|bI4VZlk1 2GBu68Ge JFmoyoKZ oMRw2tqH iOhXI5dS ven005uW 2TXFC9z5 iw9zaIyO TDxtxmOO YPJy44W0
062435996|xrJU2WA0 lR2PtOZI 3Mp7kFpv 6eXbtesv XpQgvBu3 MWR7BN8S z1ibdpqp gY4Ef6za P6anek6v A1326pUg
062435997|jzfNGbub 8d0Ev1oi mDJ5ghAk 1XloOQ9Y eLTHkHfA WhMHyCIq zeSlSgzP fbcM8346 SeoyW6lQ XlICpafY
062435998|8IhQkbip XOwv0mKh cdu8g9hR 29p9DJEB WERxQniJ 8FuLIKtK pgMBWmJU 9dd1yM8F PQ0mNr6d uEIT08Xh
062435999|jO7p1760 7CNYXLj4 WpusVV6Y Xrsh9L2I qbwz1UPs 0NZV6MZD wqlaoXZ5 8f0wRdaM ksZCMm95 XN2ye2If
062436000|8EiEGclB vzQ4DO5q r6MmJheQ 3cOaoMKc yb7fIRVL 2vmp7n7x IrOaiU6B SAjrNslz 7tEf5JAm RumcuSoP
062436001|gYpMKE1K bZPRWyWE 9ht4eW4j XaoxrU53 qqDJkWkZ DmEjydqw ipXHtWga nm0iyWcP hEBwxojI aiV0Gi5W
062436002|XDVUTVna 9pfsbDiq g2pX616f kUzEg8bD mJoQ7Rp7 C6bB8piz sDdwM2W4 FE9fE1N6 jQECRH7v EjFpxcIh
062436003|z0dVLYlU K0nBClbW jhknt47a SEKqPR5O 4TLZiccc v9fMdWpY F9XLxOxr BPK6L32K YLSI7JUy Ufy32wvs
062436004|ThviJ6Jo zg2sQlsV svtmGCru 5H1vLEBA XP9ARPuX G1BTwO4U KBtJjJt1 ZcvVxBsQ xsb2uAvd eQGgHhzx
062436005|1hOEXVgN y2POdBa3 MlgwYerq zeRvL2LX zLefortj ALnVkzCG oqBfSRZR qx61jeDv jCTsi0zX Kt73CRi9
062436006|vF2LYp0C 5Dve0UN6 gIl3GOTT kWXkmTG3 4J6LZI73 PZXFkpw5 0svJvxzC zkPjBfZo nRlmf7wJ F7Oxt4sB
062436007|ELeEAjri wEzuBk8e YAIfUQVF 17o4cAow RVqsiyBH zD5dvev4 tvXM4PxY lUQxotR4 i4Yz5yk2 iFgitQlW
062436008|cnZXoY6q ok1yalAU zQnrmBuz hemrCKYR D7PeEqTy SsTYD10W Ybyz7EDh OnBXfSY8 pipFzdev R59tBWcT
062436009|uAV76bQK QKQegUkb jkFNg5NB djrVgkyw 6O44ksrT fXwguLc9 nN7Qpv7p 0iGkfXHX pRx4E04e cpgcd8oR
062436010|ccRDaQHh 38qtbEP9 3tDHCJUS vXW622tp tjXmYaIf zf3O7ISi iTAClgOY gpRtnojV XX60Hvw3 GgQkvHAu
062436011|lK1ndytx yhTfEphc PzEpW7w5 pblolYIz UyKdyUpM QLNMBKQu rZH6Owmj 27GMqaLf hwhk3S0e 0s9SBt5p
062436012|dK2SBWn4 HpgtJu42 8vJO2yRG 4APKHDZB iuY1qyOM V9aOD3p7 BTJXb4H6 FjPGkxV3 IVfzal6t o4tzx3CQ
062436013|Q3zHNdQV VtnwAouS bTQHXzLV Rq1aZyDJ OzIegGup CqY5Gz46 itldCNat 0IFH8Bho p2W116kw S0RvvGsP
062436014|djVyvyCh LnZhn65x oZXKEWtW thMxePfx kSSdBZ7C LBn77AVv FeJMeHPU yVWXEs4P jBwAv8Y5 nGsKnlmo
062436015|ovFgqWgN 2UJEIvvZ NtsXOqXk olADoIWN 4Ym7dx97 pTfUCWR4 eY1ZEeTB u39PImk5 ScWEPqsy f58BQokE
062436016|fLEtB6kf lFpWGwON yzHZQ3Ey WNYkMdDu gjAZqE6k F9VhZiYY 8916kzjg RLoHbgWE m9W3Dak4 0WD8pqtm
062436017|NDG6UI3w tQ4EL2g5 h1Kyo82F 3C2cEIDC b9Qf3rz4 AyOXn4qK rKjFhz51 ahvZQbwO 6MEhsYiv wyRNlHZ8
062436018|w5GvgpIX 967plYY1 120mT1rn QwxDzBdV L7sLFiMf 3jO9gx00 Pv60PHuN 8ILLa1R2 1cX5sa0J HwyUOjF0
062436019|mIHuvvcb JoleOtKC wsp96ZrS 532Ws4ud KPFb12sC 7LVCwRwS KoNRIRmj g9y3Ix46 VaiwU1hU p8Z1IJvU
062436020|HosfXj0J I1bmyxg9 23Bzk9Eq At3WJ9vw sUOOgOOL lGPfxFyT TDE8UMjp tbmFvIpQ 9xKvPbGN 1kyEfgaZ
062436021|nT0KZzau agE4suCs f60M9MCw OQLSAMRa 9EjVogxl ZnjW7vPi zutPwxLs cN9L8nwg zVHeVoGv MUjKvbd7
062436022|ifjZzL4X SC1A9Xfd yOtpuods GbDIEwIV XIKKgc76 B4jLyXmr 4onYot8J oFyNifTG Uyko1GvS nWNNadox
062436023|6q1HQHJR yAq5w1vH fyzfrept Cebboizc RyornInz 9g5WCKiJ K11WIF0I m9FO9Cj8 YZ409lSK lfHb3Wls
062436024|F3K2dSQD Tlpl58o8 q2iO0A3y KWYNC9XO VwshSQg1 VIS4KyJR SjcPeTjl pn28mFb1 3jWbxWd4 n0x4OfJ0
062436025|j1VqmukG fNXI3whK QK8cxvzu qp6L1bzB XcMd44JU 8V60sXj9 kjHz110N GulQ1l7w NssrsTJI ZROuNhEV
062436026|d96b3kbL SQIB4ru6 mgWz0qIj DHZzM3kE TEPS6Msk h53gbDFA LU3qeSzQ 7pOjkQZn xDaoXlTM 2BjqCh9e
062436027|3TH0dS9c 9IHTTXRz g0i8QeFX cEVB26GH d9kwZ7GN ekQ6dQ7s BRF2YpTb JAQg0Hhc e9fgklUm A72Uc3QM
062436028|lYmz6bXu E7xoSRtw 6VOE8IfH V0PcNv2h BDjZQa8X pEPDjBX3 rxvVNvPY aBX8qxfh lUGaO3ZJ m7u9H7Jk
062436029|U7TMaxL2 PV4ZkPEC dyFwVqTn RYcfb7BS Sp2h18T3 gyEUFecX svg1OQtY 5ERAJtz2 ZNsZzcR1 NUzIJgG9
062436030|vDFXpHWL RvcwtiAY k96Ufe0p NTiEmyvf IqdvVRh2 q0x7BfsP pX6fuQIA wLPomxVw rhF2DvE2 aTdwHVlF
062436031|WpAayqcE MoeHYn8C raLe6SMV 6Vj0Y4dv 1Wwgujkc yZcJeRg9 Fyadn9MI WrmJRRgS 5etgDxiZ 9Tk2sbGx
062436032|NviCae2T st4JZ0rq 4KdlJzQ7 VXyVMzzu 6SRgplSS 4j1TVGMw 703TmCnY Yt32Rh5A VsL2726w T6OeN7Sv
062436033|iuYqZC5f h8lqBtcY 4lbsQk1q ToZHpH1G B0F3AloH KPxe4SfA Y4BjZhBs MJtWhIqW 7zpf1sWJ wRHPANOM
062436034|CL3QAQ4c SnGukNVI 8Vr8tyT9 trlGzpm1 a3zv3Jm2 XeqcOYL3 BDx03tl9 qkG0ZtHf ufU6cy7Y Pzgv0n47
062436035|pHAVY0od jUDyCfbW fpnWat6n cOnW6QK6 uxIQ9Ce7 pFBwRAJ7 4f2Y2uCU B9mlhyrj lhpIU4Uc eqEYx5O3
062436036|Uo4ezihI 8VuAJ1EL rkmop8mq Yxm4rcAn M5wmljKS SD5umXuQ jkaJ7vP8 FG4Unr3T IPE9zY6l A2vbXXfY
062436037|Haizc3NA S5yWP1Zq 9vwBkKo7 JUsDZyGT u0Ojg0lr mtwy88d4 O9hvKkPc b5jyxS7D JSGlfqPy Y0pPIXrp
062436038|LZUQjKSm XZtYFtGF r2s3pB5H ak2gGnr0 k9mvsUWL j6vE6iV9 WgOdu1jM pfGEaeW5 hUh8kT3F 1BOXBanZ
062436039|1bfjvBy7 CczI206g VQ00sAXs 3maNWxws Gk7wEPdF j5uEh8t7 vz2ZnuRM rw183atB diSd7UwE 2lc8wOCP
062436040|VjNpTB7j 8g1cxENm aPorLUiX G3UNOCar JnRV2Dir 7WoYhOyg D5QmV9bq LCXrb4wv VLzBNUAD 5vyxPtUr
062436041|oQ5jqcbJ axYIvlui y3JJyTbz aRoDQXrH d1HpfGGx qMR5tOCi oQ937OR0 Mh7QvzxH E23qwViX J1QH2kDW
062436042|RkIOzli6 s57nmQmS s39A2NaF e3rKpiRz vyhUSf3T vCrcvwD4 4QWP2jxK dkI1L1vJ sKmbYQ6x jQUAH3ot
062436043|LKcE40z1 gzKNs8QE oDqMrtEM qgGJiKVH iIXk9arN 2nbpG0RK BAxp12ml UmLMrLix cIHkMQi6 go5LtMGe
062436044|u2tdRB1b f95g316L qFRZRKzX 9m73nEtM 21PJ9LAQ nQomvpEh QjmE30LG 25X06fU8 CLoLRCtv ByrgOzVk
062436045|0CgtemCe cylKFOgm aYB7qpo4 XlCWuM8h OY9ktN5z 6Lx0dFE0 xtr6vLbc PTKbUM03 FWcoKL9i mPVWrzI6
062436046|4pMgV8aO JUagWLJl wJxvOhmX am3K9DKw IpBMGaOB jumMdxqW JFrRLVqE wCMOfgQ7 rufhUltc bUM4Lebr
062436047|VevnFrj1 usvIJFaX t8Cm3rTp sqe30zaL tTvun5qo BGxgpGzR oaiuiAmM 7NRABZ5U NvhyB4Gr bmWJmZaQ
062436048|9RAGSMy2 s0gqKAXg 4tPlrkMs OlV1B6Nj jfAYx3ot kzrhb5e2 WfCW4Fjo BelZgmGJ y1O2cRbJ Tl00A1no
062436049|eFAcHJeg qZaftKzi uzcDOwgn EpkKYus0 xYyAU740 iINAgpiv kfLe9cvU 93NZeAO6 wBWOyeCV FV7AJF5t
062436050|68kB2lC6 keu5VSn4 9xVsIafh NV1th6ZA mMfKPPxM D0ouYqyM 8gwPHi5w kP2tpPqx c5PPK4Fh G1CcDFid
062436051|49k3CyOE j3pLvE3T XLQg4LzD fSZs0uh0 AmrcAaDZ gsSA9fTH q4E7QU8X 7rjPS7fU nVNzSt5Z JE07hREi
062436052|tUSMODN0 4cl7Bfbx MprNAq2i xmqZtcZ4 W0JmUL7a BkpoN1iQ 8TqATGwo tIyApza9 6nWgVzpj brYqP38P
062436053|f7tCD7tW y6XI6Pcp ss5z1wxc N91HGJjV zjLaqznB QIimXqDm 9ZqmNZUS i64Uco7A tzFG19x0 soLbC0h2
062436054|51t30ud2 t57tFNBX tx41qDq2 NFjF65y3 y0ppCnIx eJD7P5fg C4vodjny AyZFFICU gK54CcZI p1INXKfb
062436055|RLAkvu5P kGzbwhHY k2ljqZ0R A04TVM5K ccXW0XtT EsAmUzU6 NL1xnz0v qGvNI0aT BdfAy6uT tylIm2BQ
062436056|aBwuc5hS dX6GhjeA Xy7cwJpK Ok70JVkk 59OywaQI 1eOvDSQs GqPZR1iX O7zWW1BM CCZeAHzd gHIKjiP2
062436057|6UKs1oEa hxl5WXnw DKI0EcyV DAlvVRbC x5HKr5MR eyMQSsO3 XO4ba8iz WZItOTVb KeoPknf8 HcFqaSCN
062436058|9ZJHHp6q A9k3PpWF z68ImWFt OYDO3idL LsLwnHHI IHISEvNr Y87TPxgP snIXwxES 6Y8dpgYJ 10i9yUbk
062436059|7tSEqXZf 7SO0IMgD 5ylFsFEE D5ZppaBj hhePaYsU v6vWbrK2 8bVOlod6 Cft00YYo y1Vy9Ubt IsGNf1zQ
062436060|A7yoMVaY zM80Vl9X iUrDliNg StgSlzlE boa98zKI ir8b445b iqTTfNmN 1J6rTYdh fmINbkfx xtmcqfPS
062436061|vheSEqoA ddw8j1B2 7FxRrAT9 ikOx4Ffl lzQHu8UD F2LntTAU x6zyY20p RWTLePwO MqgRopde HQC7r5ig
062436062|SqUN21d3 hAc1P5d0 q9aaiKQq QidTcC11 Itukpxgt cIztct1n KXHFER2D XwHI0TUP mGD44BwO sueuV1YB
062436063|2MoRVWre O5C3U2Yg jCQS9Xi3 lbZxZreK EYsN8b9v sxWLLSWi oCkcfu2L ATfwL4v6 QvdazezQ 6pyAdEo7
062436064|ZWDAlxlH 17XaZrgc VV73JRXF s4Bg2yhY Oa9k2uo3 F5dfcKFs t2yRHpVX UaDewakC UZnnAkL9 U6s1Rtaa
062436065|VbfehlhV fTqcHm0H 6XvmlNx6 HCP1sjLq DRKe1OSd Pwr9gfN4 UhkKITWV GiITtyRF ae5XMCMg 9ya6thrM
062436066|98UqLQmX vha8TCr2 tungi4eQ FWplj45A eGDQeBA7 pI0zbfQ3 DpszGc38 lqtviUZQ OIvse1Ox BcUzd9B9
062436067|mawVdbOM Bb53JbCR KMBpl4kE U2XluVbj JyuOByWu W8pS2MeF v7q1iflQ acCooTHC kGHucLXc 46OEa2HO
062436068|C3UwuPFY HWwcgI19 Lg5FsPNS zk4v3x0v ENjTKuq0 9HbwNAKO DLfYtkac hbU07sP5 yjN5DfeZ KeEVzffA
062436069|mKbXDTQS SCdpWc68 FF0RTYoy EIa34zYY c1WyFODZ NTCepmmI qeES3Nt4 2e9Mj0PT bA7lW4aW coTKZGwP
062436070|bAEr7iqK HeecpGH8 cxxxwFsO 4NcrbY2k bUg5B45F m9b0XTym 9c54P5qt UjazL6PA kYUe5cYh xvvVmqIx
062436071|2xBKwoXN peK4LQ6G U2OUvMJZ JkSTd2ed bNmXgZrA FHYzHYUV oZlq6WFH 4EWTGcjQ yxvZj99B ucFPcV4q
062436072|FZAEpamj oD81Fg5q DWEmrrwH 2XHyBxFt gSINwPhe UBKdbRx0 1FgNwpEd xf0bVZrg 6Y2wRsxe UxlHhwMH
062436073|srprxAp0 aMRjM2nP kFQo32w5 tGs73KyG 15HZIgkZ e9FaPLls zwvgGmMx XKS5cvL0 PfzDyGQF XJJALFzx
062436074|6fngOVQC Wyt5uHkd T9vILE0k cBgjcT5m T92AO0ba BVFDWfiF ShKzqNEN zYekZzCn ZYgBFtNV oRUp0FIv
062436075|Mpnjm8de C2LPmYHr 8yRaPyw0 Vo0YbnbH b6K9mZWn YN5G1AGM dKtJUgjN PEbThQKn wXZ9BxrE SmITxKck
062436076|ty36AOno LG14TK8R Dacj4rb2 HStZH0w6 oRUAmoxT fKdiUWKx ySCuPc8T cR6pQhEv X1KaJfs1 EUx09YKn
062436077|g2J9sHfj KiQG14Xg BEGN9phB u7RyF9va TJzCX4NB DbgoyWVC ZJSD98Iq ftLLKxDt 3hX3ANfB TKaKDLHN
062436078|7PIcZMI3 nK9ksFUo mTlKaLuT h1ZRSoHq 2G4s5iKJ rCpuNxyj Krg2fxyC uSq4kN5c c30YwQrN Jd7v2Ww3
062436079|lfhJDotT JJmCYl5m Pf9nlENO E2gwNGWD YxSxSqWr BuI5zeUM RzvSq3zb Sfh5VXe9 8014Ev6S UgtOIxkA
062436080|WIpEkdlD 2ri4TJkt lQQmyvnk W2f9BmSO 9zncPHXl 35s23sk9 FafzwXUa Iu3hCqQY XEsiRzQ2 HpdcnnTi
062436081|wHzdEj7B XktZwBg4 S8b2Bqds 5VlpSkwt 6HF8Rnfa xaLa0cZE Dy6sYH54 kcII1rym rCyKzcLs htCGODe0
062436082|vcfiHuzJ F3u9AJvx Aq6eCnE6 e3JQwDx0 EmdXOXmg j69OxgNw jpfFTsim YVzKlAyU iiYwNnAb SbLNV08y
062436083|GVJI0ETw In2qcbCc HQYm4Gnp so5ohdb1 AkVj1pGR R2A0GfOO gjsHGopK MpOQ4f5d m2nR9I7K VOJoYzRe
062436084|WOkT7pbc 3cTEBpW7 QuW6J7H2 UcvnGxwa 0To5qMe3 kG9CFyzh BVmewODr p78WVwaj fA6jVt8A C1ssl8x3
062436085|6FhFEBno QWi5jMjM qSY5QbN0 IRfkfBKp fmt4q0OZ B3qfAz6k SR9OLkB8 E2N0ewC8 mO8kdKyw VTzY0zHL
062436086|ePKy6TXL CNUIuYOs Z3yV3ZIp 7D8VMwfJ QvTKQvaW SNdeX0cU 9w3sLCo4 ucWzrec9 WmRCfUu4 8bmxGCq0
062436087|lMVewwnc 044kBrKW eRfUTP5r S5syA9c0 ah47903B zcL32VFV 9UNdUkLb 91oDkRok Pz2apaRI BGwrqhDs
062436088|FwgxeBNF RKh50WKW FHUy8UCW N6RZ6zQm nO7sAeOz SR0vs43i Gqz1ShmF hzco8C0S vASDStRs S9dki90Y
062436089|CArXz40r XQySfcGA BaYa5fUD rgIoU0QT XCLgVLIO iMGf3alr gaVHV4P4 GhAzxSMd C3QKSr50 knWBu5Pd
062436090|1dJAF5XK kE3Moa58 u47B0eKm snoxBcB0 HUGpPlBw zIDZSKix Euj52UUG rJHuSTA3 deut7JTJ VR78bF7f
062436091|MMlrX0h9 vIy7GPVQ ZmpU3DNB swp25WLm ty3bfuSZ GA8qlAfq IfZ9UOTy DbmiihvG bybk7Fk9 WrWJhCyg
062436092|hY03cTHo TUeFgFfl 2ZtbYvq4 hrMeSm3X HjAsB4aw 9aQWnSyf 35jme1Ir QSkMFAVn YxLF8rMz o4PJfExT
062436093|cf0xZHZg 0JncXtJx P3o8WnZg FJ21J2J8 XctqQnTf HUsg4ane jLWDp4zH Vj3ywK6B j56Ouf2M jv8maNvM
062436094|njjxKLlD R11jgRV1 LkZbcqE8 UG3AOfkY lzGME7xg ES0obMdk D8UA1eCC 2KlzHABH NSEECL8E sXCra4ak
062436095|kySP2sK8 u2gLUKY1 UpAZm1zI qs5SGjXf fVC7YBDd FUDiYZBj INgBWuO1 evEPWmSz C6jeL6Im wdFEYFeZ
062436096|2F2D8hQR 5qTvz49M qVj58n5P 6CnzVLI7 voqfT5fJ NRqXMDHo B6zT5j5v 5eITxqPr itBggtSP 9d38p2RJ
062436097|TUGpX7JW vaiVDTRA VmwWobCU RFgsYPSS v3vIIXCb U8snDuS6 ViAZjk2Y Hcv4gurg n6La3N6N pVfcysNd
062436098|0D0MaoOv UUGZBcRN p7YJNh19 uNYsK289 ef6zbYUP Zb598R4d VMoNUnkR Mkskddz3 sQJwzi3f Z34Q0y0x
062436099|FeCDhI0Z GcP8tSJe eIKSs0Tl VLaXLjoo SvAGkhr0 9MtRDBds Ur7r7Lr1 JBH1OkXC 8YMuK4Yj OGc5GufP
062436100|vwIBIITm 8WmfuSxL z4tt9qIy Cxh2CcXv Cbe6xh6t DqbrKkOj G1MU1Ecg 3n5all9x sz4UHe4d kQL8BjOg
062436101|UkhhHtL4 UuV88LNc ieX4WoXP P5teNP2Z NyYuJ2Gr cxFbrwCI W1reiLBt kqdqQ3ZV AlhHtkLF JUdiYu8A
062436102|LFv2vAEu SPd2ZK0l KiDWfrID t4kuh7wK 7tysiUMr HUEtPB7m dW0b242i kyfGDdat Rv5ymxpV eOWwzUcM
062436103|GQh6BnCe RjxIiehw cabJzTzL jIAHSk6o Eh2Ltu2z Q3sk0iIC AMo96CLP qrm3DNO1 g84J842c 5vklZphT
062436104|vlBKIujT o8HgLTTg yLNePwej OGOe28A6 9Fk0yDy4 hhaNtHOd CFnHON5e fquIPFh6 ECA5GH1V IM5WqSba
062436105|V1wJozjz 3owQ3pFK zIgelYVM Pge1Ys7R qjhOoJki NoUbKNgT o18Gogpl ZM3i9tiL ZYiBoYX8 SJXkIdUQ
062436106|QvOtv9os Tj2VPBg2 g0hIHnLp SKWkuF8R WhyBbZoL ZEFCxzm2 oH2ByMRP qBwJDSia T4DtgJni fHHDfqgK
062436107|vSkpbaHk ZATpl3Dd lZR8BWzy BZglXDTL X8aKKkK5 GkCQNQ6m 70oE7HJt s6vxAFPy V4ZNIqjJ SAlw9Otg
062436108|LI0HCq5l hB8lCdYc 3mwCTLsb in04hr8R ijL7hbmx hPo3kV8b Ld1TXktv eowyocXG DovKXeLn t2KYJTO4
062436109|oZ1BjpAX 55AtECD3 P4AoiQib dnj3K4Oi um9TfwHQ MQuReZzT zBKbhJ3X gNPQWqKG BB6hYbwC 63ZG1K4P
062436110|wfeHbTKt yPr9TV6t FgS0OhMR HrE1ESsQ JLbIi85n DIO5cprK CFujermd 559Kwu9i Tc6ZjSxD t2ztYJkJ
062436111|7jXXdGQy Mh2RFx98 VRkRZ0uv aCAVdQ6I puVWCa6g rsI0wXDt EXQHm7v3 4DUmjxX3 5kd9wKOu YEkEreyU
062436112|UVb4MSKX B8k0gtBC F6aCSDSM loDHZIoS GP9TaXqc 8PIGvMhs QytmVPXZ JnhxSND7 EpOc6DwG ksT8ae7P
062436113|icVwobUp PTcXZooh pzWVPBhb R6QxRx3V M6RVbUCr NkFn2lwn mTkJ66ZF F1dMFtoh 3fU7QXAZ NO26vm7v
062436114|lSwfmmy6 WCXRTJz1 vFcOBGsx eirflyKR Wxh9M1Zw UaQSWyO3 bq9gVzHK 16wJC6So Cyw9ZTsV vhjixU5N
062436115|fj2Q4fGT XbvdAGoK eYWdkOE8 MQRiAc7G 57ftlxSf 6x7DkjHt ClDJM2Pq 3JjHGdx2 14MiSz9F MBrzswVX
062436116|m3bqekup FYeCV1xY pTOtxnwP ikiXWCp8 kOuLWdpR CjU24byp hw5dKbHq fENxTyos KkP0TU4d fOdugKQ2
062436117|D3HFdYnR fMi5ibuY HoFrer8Z P64JU7kd KZtTxXPj x05Lwjj3 2nNhyNpG tzH0QOER fgSpeIex u8D4kmM0
062436118|l5fvQASx JZKR2HoQ p6QXgNAQ 6EdxCzfp bCCs8jSx K4DEAWKk SMRnUdxi iPOWHGhT 3uaB0MZj bnT0b6Ie
062436119|85B55HZh qtZbvOoX Zz7sZeIC IgWIn9Tq NTPwdMjX re0TBq7E CzBg51Bv Ne19CKHA cqyQbq45 46KaCmAj
062436120|QB5rb3zB gVC4gpKb QyBq9BVy w3JXLCWf 2OM0Gq1j eabkuQUF iZm0ojHu uPfH6fwo jPYdwmF3 XqN87Hrr
062436121|lNWQV6A0 ouVVAoID AKMF9L18 Ydb6TSws rZoqMmqF d50dWVfd TKA2FZm2 v0h60CMo liR38o9I FAYaUq7s
062436122|l0foCxkw vOnaHnhW D153XoTk lzmq9hyb KsNLtPDp MhwcbRaB a7keI4wG 9QARnnvF ilmn7oOB k7lC2UJT
062436123|0taciARv Wfjau0wP FSw1Yqh8 6Q8Yu9RP wSxiPoqo yroM9ift uWzCdG5e W9qPQZhF pmsOUC1d WxX5plVM
062436124|kRQlV1P3 JMRmKpHF sm216GLN BdTvsKjD 3yXLYTF4 Rz7XLO05 fIUWbgbv 9OkA2qYc moMZXiJM xOcZSEqI
062436125|5lSXXWum 4MWB5Jeo PWoU3ZWd g08pl6YN PuMUXgSh Xb0Om0FW Y8CqHuHH eVGDXRKZ nf1NveEI HLjIiVJf
062436126|9wk29ZRA oxZfuhkQ nhfwODnq 2tkRNHMi dCWUR2JA SugYAVlv 8wy0r9XH AflTQuYj 4gVUHXRU UqLf5yHN
062436127|6M4Cuyz3 ib6kSoYe mmYKKFNz yv1nWYuN IcPzl9zK uOUxVyQ5 Ht3SLg00 NtQK9k7D xBUGDbx9 Jh0GU22C
062436128|R6Vgso83 HVYo1ViI GWlN022P OHb5FxBH 4OZ4ph4x IVRqIXbZ FGQPNgy7 rUvz1TMd BRgrnU3w 1q3MJSyY
062436129|GidYZJY5 qXDsPiYB kEPQJu7l 7xMaMb9q YH749Psg XG8s1EFS AvfODlZ8 FnC4jQgb 1oLd2xR9 t6ySo2DJ
062436130|6AuW9ln9 yYO7VsCx jZp6XgZ0 XPps3tWv lpbOW32n QwArqKWZ v2SSGp8j 8QMnD8Fb 9ne9e56W xKhU4Sae
062436131|fZbaCu6n 5mWz53HY ZP4OUw9r 9Fd9inkr nRzcUitj z14VAFB1 8kCuvzgj nTWfuyuB XeVlm7O3 uPYOxqJK
062436132|DbXnb6rE fSurFaIX Z4bXq9bJ rFvxqbwo 64VoMNwV b3E84KAp 8agStiJp pqWgZjXr QAO4a9rS VAoOjlQb
062436133|TUZhqUqb Bbivjnl3 Bx0ZhuOU i9jBaduh 6Yb7w6Eh 4g7ffnq4 ukmeV7q3 zmUbm1Zk dYUAK3RB 2A2YrtQs
062436134|MT0whQ41 TPxpnMKV DqTTRfrD YcTIN7a7 TjRPPb3e gM6LQuQK vrcR07cD CjokeWdW AlU6vkQJ AkxRAycH
062436135|meBvPCT1 vC89yz9k d3wUxMX8 shBSVx3w UEeOVKbQ eQIBuT2b 8Qq73U1H M2pd60zr xyPo7MwW 1LppauCm
062436136|2u2c7jdm Iu65SBnX r0sYk5uP guz3PBHo Oi5ECOSv 6XeVlVJi 4Fe8rLhX MadGuvO8 PWB7zQMI uaEIHc0v
062436137|hO8r12Xt soLeb9Ij 78mPZMlO ZFrAvvoc BuogHduv 5KOuymGm G4qRS0HD cWmn5BZu 9wEjp26O DiWTSpWm
062436138|S0zPXji5 rGNJQ4SV wGbQaZRg xlhEyG2n QsCF5l28 hqVNU7sS ORHB54UM Ur7FIlDv bio9P34H GsWV33Bf
062436139|ioBfRr2X 9Awbt9rN Gl4TDDZu OUquq6qo dfApFvRN y4uogQHU SfJRU3PW 3bwrkFF0 KXbkMIEG skhx4l7z
062436140|gHEeVxJ3 l67UK5tA H1hPLG6i wADcOUeA eRXpAFLz fktAFH1M olNVFC3N 0Tj1GyGW tiJGLTYW zc0j4jGo
062436141|3tb5JgIc bPmqplqL 87sX450r jkaattlB AfMXPCLV ONYN8agt xqjjXPGA rOoXQDtg Pfe128vG lq3LlT68
062436142|ZfDo5X4l 0OCcbfBs 8Qc4kbbA JOOXP8Qe ckRxE80Z 6v33UsUF f0xwxD3J YfyyvRbi 2jzLa3g8 Nf2A2NEq
062436143|CFOc7799 Fak6hCCG EUvZSbVl mSNMi3V8 odnfcEzw Bx71oHSr UFsBKsxy wBD4SNUD 6XDpZbRv DYQ9fs5o
062436144|g5khkmcX IbesQlML frNyoH7G lucTRgw1 tmWKQhah 0wf2EUbX czZvIjFj SIy5vTwW k2OaS3LN WFeS5W54
062436145|JuNHltxG zlfEidd3 UDNvrrUI djPydqLP uoAKB0C8 A1xHkWBa ugMUoKUi ftV6UK4y PATIDfcJ GotUmQxV
062436146|enjuSziJ kxmnaLMn 9VlFMLM7 ccBUoVKr cSnzbOmy VPBzbEbj jon4DO6y HeEAjJW1 hoUqOUk0 uUC1Hl6l
062436147|7rXIjnjp AsFyi81f kh2vxpnB f2wsyzw7 YrhH0xgy NZyI8vw6 l3KKg5gX kzIlehuP FvYUOKzh emnx1QTL
062436148|K6cpglZZ TmwtUPtk GVepKAW9 pVBbgSoH 5tKeA73h TJPVKtuN 24yS2FS5 Eia5ctSN dCuW7bO3 pBwzvasQ
062436149|LEskdN4S 7etz8lq3 aYtKMQEd hobbFQg3 mwF0lgU8 rIysTCZi 1hJjymH9 HzS0ak3m R8SulxNr mmyIvsQa
062436150|9XzAJCZF D1Wq4l31 4h2saykR kPTF1kHX ppIkNCjQ r38jT1Fw zSkYL4L5 3Fkke8hN hqIqqh1K 1IjWJkCM
062436151|HdKLFXn4 xMhCQtns 9yDItclZ USrWYNcI q4AE84bE ChhcKPzZ JseitQ8v AYmPEbP0 tlnJQTfs zFiqGjOz
062436152|anXdhMqY qQThVf6M nGtr2AJ1 YM7sTEff 5Ksj5txJ 0cJCrbG7 NCKZeWNv ZekC8A4H 6o5mLLge SjK0tdyO
062436153|0J4APV6d 8QWSQdkb MShcpPQz lmrMviXu NtTHwVv1 1M2Iwkln 6hVpekif F5pXMcnd C27WjLZl 2RCXB5yc
062436154|CO3fW8vF b5Zwurkp ZVTd9daS Ziwb09xf p5XByFZ6 jPwPSWiu LiP1d4tU B1qL2IhY eysBe8An saljL689
062436155|EExlUdqG DOOQALtw qKJFupG4 NKW9q9V4 v5gROhNC W5A8s53S llJqdeKT ZJfMgKy2 glWlivzO 5PiZdRbj
062436156|lJ1h7W9j JoVsOo62 7s53rZgV Nu75nyAb mqjDpFmp ptnADY7S 2KFwTu4X 4lTl3WaS DNfrcYeM 08oQkrsR
062436157|BO2kaK3q YJIpy5WS yM0KyKdu 7LsP5dFG kRsZiYBd g6DshdjD rTodW9PH TE9iq1dw iv5CGKRd kB2iLmtw
062436158|3NC9vU6l fqKlVbNv t59rueAs VRaqFjv5 K6df129k dM63RdzZ NztekxLG beoTdUih x4hEJm49 YC2I8KjG
062436159|yxpx2BgT UY8GSDHl E2vOYJNu r05cQNe4 JLcysK9B 1TueIBF6 MVoA0o0P uA3LEAoR qBKCbeAo sP1afUWX
062436160|qsc3VYpa cbNuQB26 hrm4lhce gO3Hi3jx auiq5BQ3 2Vb2kVpF kidFIUXI 3YNrhTln ko7eEvZA WRX4djFm
062436161|VUZTrFb1 JLFC069S m1TUS5eP zSid2MHJ B8lDyUmx O1OeiT5t V0Duo55k UOKzIjtH 1R2o8NYb vcPiZO5G
062436162|bdEJW6hF M6NRoWYY ZjD03o9v KJSatxdO rcvd7e6s BuOZmbXG 8qPbfwdY L3QyQ4za ZWy5p5i3 Z4BWKoCS
062436163|KfMxl6mT erRGf2qp WST9S1Wn wwDi3gsW FcHMR5y3 RQIlO2vT aVJuwAxA naIqBSsD Vj1rtuaU oFtbttFI
062436164|dCFuWvRC RtGys43I DkwQylKv z8K6VSAi Cg8hgg9w vKa2H4yt MChnZCCw vBpJLCNb Hg4I0j4K 6UVcUd0C
062436165|VpahfEdF dxdZf5fQ 8uakWqvL QhlHx2zt rC3Iifai SEIJCWcY gYtXNclN PwACUjn2 QyfkcjIQ Zdn5i9qz
062436166|aMTXJmjc eo3Ig8eR dWKcDsdk PzgN6jJp ZGTXPXfQ NchrSBJO 3Af2METx oawAhu3n rKnio7TT RztCHC7E
062436167|O5eKCVu6 RSeORC1k P1DcpzP1 p9rg43U4 DVHaJcR6 xSW1dSWa DNhtxtrl peEVN4Ui ciZkHAhl rrx15qK6
062436168|0xZKbNLH 97XEFxxj 3ID17xpu NVWyuRmb zhQyyQae rrhMtcMA 1oeLEBMS JB2aM89X wFrcT6Dk YMX9zK7b
062436169|zFJtyAY6 M42ll4Yk mnncEqif 0VJMMCj7 XM7vJLJd gvNr1p3Y Iat0Dkks hliH4Ve8 kHfy8EKA 17zYHpan
062436170|v1vDbMrb lHY53IhL Nc1HjRh1 bLD4vtGs ZedaUGla l30nQkiD E7JaZXcN YPmtiCOj 8cq8Xj6A 4SUdguLr
062436171|jdhzgCnC 1ZpPZF9N Ss6TOIKS Syw8Uk6I lHQdi2Ha zPRJvIOS SbxL06tl 7Zh1SVdb yfsKCX9u 4Nk5sYKk
062436172|ZDLCBHmn TlLQgiS1 wibOiQ4o x114Uzx2 1Cq87Q0H tYOLwm0m pI4JiOGl ptmyzUS5 DSavbHd5 MTZqu1aE
062436173|hWCiDFzw AUtZDCTp 60bkfdcs B5LFIjja dk7UmY2P sLAdEqjh YZR3saMR 9yDdY6BG pdb3ejjQ 443rdeJz
062436174|2e3dnJHU tXXyGuPQ wCGbncBN YBowksUE 2iK94PIN LCG89aAZ wfBwNTL2 hlIizXv8 FKRYsVEj la7VbfEu
062436175|euPZLKIZ 3H1Wso0i QozqPo4H ZZ7hpMnU F1g7OlYT 1A5A9sMe jP0VXzTJ 7TEmJR8j j8KnfV0o vGS6Si4U
062436176|QZWzKxyA bxe7lpRy ogTSNBml BwCluU2s ackIh7d4 pm72GeF7 TZh0GMiS sWyLLD1c wmOVUriB oKYLiuMF
062436177|2fxDxkXb 1KpfB6yj VUYYbwe4 tmey9q8S sdmNMwKs uXIBwIvq FQpXPXNX KIDCZcYd z4vKJYaO elTKyYeL
062436178|MUyppXET Wk35MJW4 Qq6yS37i o21GOEVV aCasbIj3 qk0KaKje iDAhr1iV 1Ln49jEU Vt9N8POw 4tQiLKs3
062436179|1Aq34fHv nqH54ku1 ZwYDA63O jaQc3h11 lXKM7LvI 5Ux0w659 AmkJpIL8 GQqqWafn LmzjMCgn 3r7IHROe
062436180|0aryMt8Q yhBzZ5F2 T1hnF1gU z9LdPVZi rpG3bj98 QdtXye4P 50jU2hau Be7Y5ljy SRk4eozF XPSL4C09
062436181|HtbI5UBF 9Ie8Xqqv CzskoivP Hu5NNTkS 9MrVfz1T ORSOXLf0 gy0PjoPU nVNGMPSz Wvb93xg3 qyayxMtg
062436182|t71J5WWu anNgPEFS xnYdnVDr w6F8jft9 Dk33WEec 2oYgUtgk 1mkYIUSr sdV4nlnW dOCFuwGn lEHIEwmE
062436183|6fgqdQAS VDJd3ksc jL0DPf8q xQiPnwGL zFdTzBZl PjTwdYjm VYlXs6CF eNZhs5wi dyvzHzRD fhJGv5xb
062436184|IN6kHKBN AinNBw2I jV5MpV24 uuugNvq8 dMfiYRGp T9Muejgl fxH45UXe rl0HX1rg xuVDaeY9 zYVWpK0Y
062436185|1AXqOE83 4vWHQIRp XEsAgur1 YmXYu1n7 wGubAf1J o8xsSGZc W59sjVaM k4pQdGer JHfc8Dbg 5gnJD4gF
062436186|zGXS2YgZ mL4CwgkX JA7BIwZi TUBAlOzs qLXo4Icn Iku8AfUP f8v9kwal 9B8fk8Xs uMH1cyWH SGCq1S0S
062436187|z0bZOEwm yEGmLjXA Ofw2QZSb Ue646PWV KafFNHHl FWwYqAIJ R9aQNhF7 b6c5maUy NsjuvqUC qoF5Fx62
062436188|fTZB2kSq yqZOUoEc 0Uvgfw2U CXrPRRy9 n7zvYvHW S09CHO40 OnvdK14q wCJKCZTC iApVSFY4 833Y3Rp0
062436189|zXb1nQbO aUgbQKzc QCS0pwyM Mvgo9gH3 xKtimFol 8KENTUEC lgUw04cq HG8UkOuV TNGDKJCX B1HfEpBc
062436190|EqgcbdTM whUECgxK BMuFocBH N6qcoViD GBd5Hn5m WbkOHL2D X1adIYnz rDUndaMm mA9EWpuq HliU0q7V
062436191|I5rTYpnn 6DL8cGi3 V4vGaedF Z9KPHre7 JvJuLQW6 XdaRaJ7D urrFHPDT bPkltJHf 2de7aL5v NsvQ1ZnH
062436192|9KjhUZga GXgaru9K VHbkbD69 j9zQsyb5 5SqTbKGD 0f8MMBCI GxCc1fQF Y5FmS1Xj qaq6M6dJ gzUcluYh
062436193|LDdkgbSs pSZmtRsO vLlwbKhy O9OrUFQD 34MEteTT JCPqALpK 4eTGCnCz JlhnuFK6 f8wLSego YXZWRkSu
062436194|fZsExeSD RdXoCY9D Bpfh0pJW pnZbZfc2 zJZRwFjg r7sRvdl9 qgXF7x6p Kjqo6eXT iBDMQNJX 9r5SKeWk
062436195|m17bDgCd oo0GTiOx Xuf3ocbX BSkZVinO v8PCtFh5 mqx5hlvE 6isXvsnx H4BD7d4r tbzlEYYp HgGXcM1k
062436196|FH5BVKTo M7AT8TV8 cAZcK8Wm Hmajto2J OcF39ip7 sfYJspcs zNhIfB2o nqOY1qfh WrW1Bua3 SLGPNRjC
062436197|6wjpZMOC dCUoO67a wviso3lG WScNv4qZ 8R7owC8L i5YRMeXg RzR7Q3dD uamxivbM tyWiBMLa C4AkyJj4
062436198|LQpAYLAC mqcC7tFL slMxS4Gb cytQPdzA A6YGzxpH w3STKG7i IAHhAoCv ci7poU6c rfZBYEiw saXTWSLC
062436199|5VRUT4um 9lTVYt3J PbzKn6gw Tecm7A4U AQzSPzny xoK1jhQQ YfHuAP4o uxNKChWs 1lmwfEbR P40QVuUB
062436200|zT7ZgVUp coqA5bPE U8gIdAJv P2nz7GGX 71e7TTpI XKWURSw9 PnIZxPnE J8fKtmnc yQYd6wHq tiJIK07K
062436201|njEhX0XD UBsHMPAL kOzSLi1h vkmDPYCm 4A1RTAUG qnGDtblD Zh7XeOlt AQcCYjJ8 R97fYFNz hetJEZAx
062436202|ejtT4iQm x18bncTD eWXW0t1x 4hWkExFj EtHRx1rr jBuphR7b FVZsRnYI 1rGtQnMR whjAiWpx SwYrcH1n
062436203|2KwF00rH zwG1nsmE HaiN0Qpp OrieaWlm ZrbTY8Nq QaK35pqm CEMjBq37 NuInnqM7 IKwR9qmN o21nd0yR
062436204|UBn5RFbf aBDjf4xB 3HPbdEGh SRpMqitb JsRPjyxz iYgdsmPC u5lx2mcQ jrrYRwMn kqRvnYf2 oD9GQMOp
062436205|sJhR53mB deQ2OVNY jVnz7QRU WeU87K49 X3Hwq9Pj t5xhrhCT bu4OLBqA uBOj9adO XVDso9wQ kGqE7UQT
062436206|aN9KAZkY vIQ5DpYK Sz4hmASN VMfSCTua T6yGkDrv mgAE5dCd PA4lTYSA RXmfAxdQ l8rJtMvY 36PBOPZc
062436207|GWSfdCSD z6mpZeWT EJn3K7Xt uKwtgMS2 im44b8Df qEWRkWBb 20IBZvWr 29X60gpN WLtHupi0 Rd6r1jgj
062436208|azGBnF2Y hgdmlew5 cRdxqB1p h0n9fgMA FT4unEIS 8Z3dkmi5 rpKJhVOt I6IU1G42 6C9bBUhY 91LsK7cG
062436209|RXamwfpR pOSLlvHx FY7NvR5p vOSul6Fr Kv1qOwtn PyaaFylU VNXnLbA9 WB6900TQ pQGlgoo5 T9cn2erq
062436210|BilCTpvb ZwaV6BgE A4maFhLY O5IBsYU3 dOAGcEds B2NXzGZo zPIqRrQS xfKQT6Ei mo3DXSXa m1AvInxE
062436211|nEm8MW2Z iik21Tfq Z6ewMjSh lbwV4f9P X2btj2cv nJ75tDeK tJ4bGHqT LhVjCMBA DOeHOHmw YIa5nbOF
062436212|b68N9YkK 8OzxaKTF cuW3jqfb z81yXzas OYMPTb2x TsbmH6Mg U2M4qo3z luBBMuFd lp91wfC1 bCew2Ngz
062436213|AXEu94bO fztpuh5H yuuqgaUe nKD1EQ3u NR8SI3Zs Q6stbXde JF4k1FDD vETJJQsR 0rZCJb6P mD98eV9s
062436214|mjK8iaCb 89wV8daa vr7nam5w qfWUCW61 UXXHrjrP zTp2mhNW 0LRcvhfL MxlmN2fL gb2vLxmm ilUQ2nPD
062436215|t8xWASq3 XaTmpXNE 06Oq6mVK ACuym7HL GhC9NN6x T95n5IOg augLuhvR Fh5UfaBR RNj3nnAL QG1EBJBm
062436216|ZTq6hRyJ x1LpWwVy tCnvCBKA wJIwNujY Z6Ri1Luq 1nbOVA5e PqFKB0LF TvQGDW9Z 3em1sdDl qrXUvG9z
062436217|WV5KovAe obqcppWB nP7wVEJf VrWFpRDo LTqXm4di g561hvro j8uULf3K cMRypWhh DMb8Jz92 jYHs0igc
062436218|1z3OSTgw P87Wyebu GzdZF61P jHnDGJw1 hhTj7XUn EhUVSwtJ WH4sPmN2 rgAFZGrc YhZQs4Ce vR0Zy6WC
062436219|OP4gGkI0 0nwFp0SA p27I5qSF yCKEWRMW 211LSfHV BYLJs4rK eSTiOyBk qQg4jun3 KKEfpJmB EiYkf38o
062436220|mrSoYs0H Qs5jPRHk Zc0eKHOL 8n1bj81K YhjPPvMT l4tlQtUU aEl8Pz61 xv2W7eE3 fVHP4KsZ TtiIbjvH
062436221|W2Opd0Iu QxjjfKf1 ou9c2def YNTwk3mp 4tTB4SxJ nKmtasJ5 AkFErZ1m CL7OcmsZ Hr26soTj S7hKrW9Z
062436222|CUf1hooH hsbLAvhU ThR1Hphm DbrJMGvr lMUpL2VM b8bpM1br vjmyjN4R rKVToJ0Z 8l0KNtEb ArYDN51m
062436223|sE2pbyGn WrFYL0IG EPIYaQ1X 93TpUKx7 qZCeQ1zD JvG0b9ln uytXYIgC B19HnYiS zxWfkHRF iLjWEiPK
062436224|bTcUtFCA Ae01glYA 2a0BfN6H ZMGhCPSv FSo0Ns7G sELDyEAt 6kxqTSqX W80UIAL8 9Zt4l9wm FQK9BJZr
062436225|jnLjW0PQ 2uArW1HH noYIq9XX mj2d3Jak WLokb68e U8JGOmdy LtsL0JSS 9wGUSmZ3 pan7WUJ7 dzKMaXOa
062436226|BCvXucnb TKZPb16p zoHQrHuL jeNGGchT QHJihwyh rPGsbau8 29WkccLX 3didVVlA yD0y4lBz J1xM1Ozy
062436227|w1qYL0vr bKuJlNtM RyZ8DCD4 bDvX4dqT n3IXoq45 fslq271W G3kBj6Hz f0vDG9Pq WcpYvNBw gmpCj5w4
062436228|3BFXR4Kj ie4Y8B1u 52VhFENJ uSQiWhq2 DF4AirIL QLEdhFs5 cg1iXOT2 dWwdalNB rfYegJ1x h3q6hlzy
062436229|aoLUAlR5 sYDsFbES 9tm11jJt iuWTJVQU TcDDht4q MKkpdGcH jaLI3gNA gOvPFh09 5k6pmMxi 8GXrpNUa
062436230|mQny3H5v 2X4NybEX HBxl2GtG 4OyV7CWq qMFz1ugt vWrZJH4n mknVpEoZ EbIlHZvV Nq2iuNIl JiYfknIW
062436231|EFw5Hh54 gQATD6zi 31gALuLh 7TA5DJsI YzpuDwAc A1AuCKEo spouZOdQ YUytgkFG eoO6fq6l C5TRfBY2
062436232|3BgZhAC6 NT7bJGFj 3vAyIive Va2VIUWu nLXm2GXZ TL98re4T k5jryFdz X9CS9mPi 1P6qNSUL ohaRRr9F
062436233|7ZZICY8x Lfczs0nR IubnD3gq fYHQulkl fJMEi789 4qRVIrqM fpjo7S96 ybn9v5pa hB6DWkVA nL7mbu3K
062436234|nVkY6g58 Q5YEiBbI juz1tnWn XQRB28yC QoUTkU17 7Vr2RuN9 ZjqiT7iO tDBCh7yT nLVEtkHa 0NWqccHa
062436235|JoxZlK1u oLdl9CbZ isW1mv5e GszZSITE MhH7upYe leADJOxo 1ePZjVhv 1ORG5vF4 aFQjyFr6 cvrc9umf
062436236|f6hs2fOM rjySfFRB ddAw0H4Y RkCcafA5 3n0v7auw 19l4pqWQ nARAsbWX hAJ08711 vTfXz5SO UlDyKpGj
062436237|WR27PWBJ K49bvsuf BgIqK4FN agHpqHcU FSpRMfvw fqXGtg8E 63UY5UVq dJg7Etus IfkRiHxn lgwYBFpP
062436238|vbWWOR4A xRMDpHrh IEYmEFUS YkVx5sli 8q8zKiFR QA5dgJlS ewhfEk7z WkFYQqr2 Q62OI3Ot lZeiieTS
062436239|dLM9o5Qx dPfZAXji KXhNrQUs SNwJfZwx scazoJaR Luz4y8Se pvozG8EH 6SIRht93 UpNEHKoZ 4wm31biQ
062436240|kHVzp0yv egEaB0gp 7xvXlXhE oZAaUqMW o0h29aLZ V5IkC6sq Q66Kt6ef 0If6CZ9Z PdG9jNhF waoDJuB5
062436241|RuGujRdV q9Y0U9RZ x7VDIWR8 EF6X4Dal nGY8qTzn 3S5W7Roi WN34SKr9 3YqXDuIY mf9Peauu k0H0Lib9
062436242|lIN0AplB wr3u0fis Ll5MPp4Z aDhwMbV0 Eu1woagw 96u7N3BY s84W7ZYL eEOsfzxt 2O3Esttl BIwcqf9a
062436243|RZ0xpCnr GYL1MX49 yPOcmsc6 WENL2ORP ZIEt4sEj 2Uuigyx1 bSrEvrho kcnqaEvv n5tAnjyP Fteb1OAo
062436244|Wtpm5qO3 QyjeEuwy 0Kme7TjV 2mIBOM0J rO9jKzAH CzXgvQI0 NtzVsiS9 DKntovzk P4FVpBHp dHHciuZ1
062436245|qz6llIB0 mAFUq0OP 4lW7mj7X GBP3qIPH kEYxv6yS gNc7c9yd mkqZuN0F KVlbmWiz qB8SpTAn kmw3zpLp
062436246|VaZ17ofr WeWoBKZd OX05FMhs vlSDTml3 NhbEpFIx y8MICgxd XmINVc0c mpjMmyYt jpbiIROq CxL6S1zW
062436247|wAN8QIp2 4xsNv3Sg bQedUWi6 fLnFUYVr 9cWv7nTV oAkOi71I ZQbdr4oq kntxLGPt YdmnFWVr vh4dOsOo
062436248|IQl5yx4Y Jx4roeZv N4zmagUX EYKBfRNG hwUfMsop 3HZhML7G qFJk2tEr ggTv06Ir CtyIaLV5 3Cln1wKL
062436249|4XEm4S5S 3aR5nIwY D7gI8Zp6 XOF29DSH x6lZO2cn QXjbfwpB NGY11nRw TIS1tCRI z6R40RAR 02EzlJj3
062436250|vj7TpzDz NVm4UnYC C0nrqQWm 40x5YStb K2yVMaOE bAp1buFg roxX55Rv tEoL5wI4 zGktVvqU rYXLnQki
062436251|DMiWUyTk SLz2B3aN CHxtBOJU NOigoFdQ ik0oXrw4 bxZZlRaS UH2nLPrF PaTmIxtU KN5JDADm TpjBjXaG
062436252|NvUxG2v0 YfOklpbR KHRku24L z5hgDP3s 4OnpONiC 5MQsIdgU HjMeCeCm ciMfxdDF OgVIdfBu oouSIVeP
062436253|0hLRcIdC yWtvKNYG zqv7iGJc YArMiAQW 3t5b9td7 qq35Qvfp o3vx1kdR jY2IDNrI VdG7yO3Q m7xcKFLw
062436254|EJ5nINBT J1jPf5Za 5KSVsdjR idClFH0G 6ixva1BB oNqyvcfJ ciHI0pKh 1r4NRrAq ZcuCFIWc KqtNZEYm
062436255|m3KgFyIm ydWxrQWq beWPpVpC 67GT8kRs 85p0URfA h5euIsun RjDKjdRN vYs9TcO0 XO1wuJtd b00IZu6F
062436256|vhaedN1t KjwddmjG ELkMPVBl B5EyHazq 2fXaODoE MHkQ4irs wZs9VO2p OBRLOQfF Z6j0Fzw4 F2AHZqnT
062436257|ReFmrouh MrbfHYTo nA1MYxk2 0UhfsKuo mdA2bYFl 35NtL9PV 8xjuYMYD GZASsZdE SLNRrwNx IvKX2iDi
062436258|HPsw0qeX sMS6prPR 9qVADRZu bwnV0k1E LH8tNfHC 6YwKkCCS zZ8F71Xc D47E15WT BSanFojf JMv6aefh
062436259|HlsKc5IF HAepPDfI XdD9e9KF xhdP4Wt4 UC0UB5eL B2xJ7Cx8 ATD2yEyK pbuIXYr7 VYtjIHKP oUmrh0rU
062436260|ontmCCq5 3M1TTZwU sss9czB9 zxhsHS4M 55I4WTLL Lxf7HvGA 82zrFzfk QQkzCloD YZ4BQ2gm 83euoi7T
062436261|09yQjmrH hrm43cId AUq4EP3I tnatcP7W Ehen3NFW fPXNi91p UaEmvP0I QfxyZuTF tVzUokKK BIfT4ohb
062436262|sN4b4i2c cnKlrlAh yEcVdwod 77YaQuKJ MTWya1Dq oW0G0AZx Y1pjrZJe Z6FXxgR4 aboCNIrZ JACYmCL3
062436263|FXE7yVw3 qdzE78wa VAp9z2oO u84QN92E rnhzgRkR WVZBsTWP 8LCayxk1 8sU3TjtR d6NlanCg okAcxMDc
062436264|ypHurjyr gvwWdLal q5prGOHU jWRH9JPW QOhhighG S41j0j5K T2jE5MCO uBbKK1G7 xStrhhQ1 UUDO7hI6
062436265|ZZQNXbOA lE3PmUE7 llFe3MbQ BihwQbyD QTvlZPHT kaSE9Qzh 2x3zrWQE fc9670Eb 8dYDmNno vKSkTmQ6
062436266|9gAE4nT4 kWll5l4A OwCdElcC J9ThOVE8 rnSM6G9K XjMYTe5J aRtnuDTB WeBPo8zE 27YHePRM Ztp8zDtO
062436267|cCfYxnEI 7Lk7mbg0 gYYiMJdA EyQjZjZk CjDmsmoH N86BJG4i 5pFc13mh OuANrmCJ i8UYt8mE uUnyw4rC
062436268|G0SXozN5 4lK0YIg2 IGXPQ4I7 BVq8Yx1u ygfBvHJN nrhQHpZb NgvNw7VF CHCz1d4W vY3hNJRM j9PAUN9k
062436269|sBkD278p x2PePSRM wZGRiPLy b0RMx8Ao oR2K9GRT jqbCFVYl 607BXYU6 nsnKuirS ve1Sm1lW qKxlgHnF
062436270|5v9lb5zq HyEzFhuy TYCwimTI YKZRTj72 rnxSdj9c b8TkYeHZ AhWzXeHS hHUN3CeP bvYD7Mwc gSlOpO3a
062436271|PIXn1lPC e5qZtc58 3ZcIisJW rAPOtHwm nSYCnoPi eqiRQDjw x9Rc17rc wwo2IQM5 TMTp7Z3X XVSxIW1F
062436272|RfeMj4xF 9i9yZTmh 4VXCGoGp db4tpQjs gj9DGM7n HzPFbEaB 8Ep1ifG6 oBzq5P1n TOJk0bVz rbea2PPF
062436273|0TILNELt 4xLaxDdB TqOMim32 mE63byxK Oth8d608 tVhXeptx JQUMQl0o KntoNlTC xC8vo8gC J4Xln0VX
062436274|l2KjiZdk kDBu8HVT uAr12Si4 EHVL2IVJ BQfS14qn Ad8foI7P 91CzoLjD o4D2aHJY xZoCLiK3 7FKbtL0n
062436275|ayTBblum Ji7ZzyTH tEY3ikxP WyhO5LWR Z8BmY19d 5DgEwrSC 03GYZXnR 0xzKUv3i LsM9xTop JqaRCl4K
062436276|woaCPVst qOQCUxzc B61AAJs6 0mCbSpiC JnwDO868 989tOqqt HLqPiZVN WEY2QoAU QLlWMgCZ J0xPJX1n
062436277|JT16UzoW s5216yvs Wl7Fq4d3 VBj67P2p N9baOsVc Z5g6rq3S JZ5kJrdM veBusGxV 62qclouR aP2HoiYK
062436278|q0BET1eb ldo00sxY VZXn2WtU HYf9jhoy etTHzlX9 Au1u6PZC qmwJiAsm T6Hw6CrT uYRnRHqn EoqiQ8OP
062436279|AtA6dldz SvHkWDzf nbPNCy3u jDSgJ42W TOGHBDAo sxUaumGn WcDIOfxN Nu5f2L6N UoTwcfIV 1abBJUX1
062436280|hGXVb4dC d9NLEB2Q e1IHoQVu ltf6tl7U rU9sq4tv urlo7ixc Lo5SQFIB HEolKxCZ zCq8NHFY 8FgLS6xj
062436281|WQ0cZRfE tcjS1VC2 t2HTor5R N8Qb9UL9 4jAsz4sB MS4lUf0S h8nKmg0m NRnzUcOh i8TRQWQn YPGQvoAU
062436282|GnFyECam Orjyvh9b Pyt38Sny ukc04E2B sSDgIoKN 0LbYLgzx lsh4D9Om Ry30w3hK wW6caHby a9HEezfc
062436283|Zseh0D1x OQq2yJIz Ar5ilLm0 dn45IPSp G2vHcqwX vFxhykyW 6CrUzzmi 7VpeGOyZ zQrZch0D tjg4PVXF
062436284|HgUhyd0C Df3kLGBH Rvu8PuLW DT12MipH MPKwbMIS 48uR24y2 XWPuxQwG ipBB90Zb Ai5oa3rm ef7tBYoF
062436285|caKv78E2 Yjzn3Eh1 FEnB8mqN TyqjuPPi 85DTBmCI mNJA23JD a1EvtceY DVy8TzRh 7qHrze07 jkumduJF
062436286|D7xayBRu 9XwCH671 Af6YsH6a 7uZ4G1m2 4LyeG1o7 nkBI0zKD U6b6xPBt dr7bG0Vy OEFmMS6R wOktFGBV
062436287|7Js2wr1p WusFaqGE Y2nyuLUS GI2aw834 LPpiGMfF Ir0AVM3r qXSX2D6C ROX1Iz5p OazgrsYj 8Ft1HqHy
062436288|EqbQBP7L k5NGUgxn x7kljL0q IHe5p7zd FKX7z0wb 2U1xnl79 fKldUyDk oPoCGuCa eyxTXP7I hqlhSijq
062436289|3kOp6NHz dEPKR643 6SXa65he 2WPXIHwB mRKCi6ol JTmBjxoi 0MTlGEW9 FedQu434 DVbiUc2R qOIK9SIR
062436290|VV3C3N2O XGZkY2eT phziGBpm eAFu2QHs GAyjhMds dKtdXhaF TeYTJfnz J5MCLJdM AW928gOu KviT3A0Y
062436291|3JfbpFzF jlsgIUJl ctALBfF9 572PJ6BS PbZtuWdF t9dq7I9i 61TaDkme 34P8W7Ls NTZh089p eqRTSY8b
062436292|VdAmiD1V ANsxCkcd 1p9SVxZk 0ec1Qpu0 NDnL58hn Q9GQvzT1 a93VVaHg TKE16JFB SZckqZoV fhidpI28
062436293|ih5FqOQy TpmOjBV6 aUcrP2ag Qeuw2eac rDT50kWF 5aqZ6Nau gcmQ3Znb laNM87Y6 Mo14qSIT QSapidlJ
062436294|tIkJPw23 AChIi1yp Ix3WfiZI CffyJRg9 PqIyEW8K GZ5IfZsE avya9e10 30mlGpkm evCGbLwB 115ZeOMi
062436295|LvXxlxu5 8u0xFVFZ wemM7hmb QncY0iJQ v7Sg6YIu T7SjNvmh O1ibeCpr wAD3rfU5 XGargIQs ydBiJ75K
062436296|pfY6V40f dDRsmbmq jNX0Cbw3 LGY86oXH wWFBmgZG k8VMu8kX qNEblKvT DIIBCYVN vOvH7Rja h7rYiRfN
062436297|o9sbFw84 HBYnRrYE S2bvs7u1 vi1IypKd 9J0SJrCQ 91HHBZhE bN12SRPO peGAAfYK 3gc7dbVL w4fy1Q4f
062436298|egXRqglc balAnBZc WZ71FqsZ R7sfk7Ua Kqk80O6j Ow2YELIg IAStuIUq 00iZFw2n FvjymXqg 5OSb32Uv
062436299|JMhpL9qY 5vcHy6vQ lcYSEIKV VSVUwrFU thuVtuAS C4jmzzJ9 gKPDvHei VI6XwKTU b3zlucww GqrjcKSL
062436300|acdJHF9n PBUlzhin Ljnl2rhE pVWFZXOl aus5PE30 5cX99yYq COytsUaJ Ag2cUMGQ lfZEgGbq PQqHLKSz
062436301|nDH54HA2 tY3wez3J C0tufUDn rwobYG0c mjRGTAc5 vD6Y81Ql 572wOA9D 2RzEv1di 91OzbcnP jFT7ZEuK
062436302|lG6PWxb9 FEQ1IbXA Ky9U3QMY yJ2TYGmE wsj5AdzR JykVcz4a jyXVLg1U LCK6OnRI HQSNZ2IV pwxw6Onr
062436303|SUZ7F4Sw PxbDyjD3 kIxCUvC2 B3imVpyE j6bkwzuQ cPPrZBj9 wzPgWNTb LwHeQQf4 k9QRmwqB bmxyDKic
062436304|vz1VzLL8 jujjdsub WrkQxQf9 DrXbq06C y5h7OmZH O7cKPTYJ BWXAj4W5 eyDgEfwT 38UI9zz8 UUDKD1Un
062436305|ll5yZRQS HeTRBtxv smEuf4uy v1wTYq7j i32ZT1nm cnVe6jAU vuQbkBVw xeWFEbcY TBdL0778 9biNpWaP
062436306|FgFmELqg Ld8DbvUm 3kcUIlaV YQ1CH2TV ibJTHK3F dftKvd3L GGwcCWMJ U78sBZ5V wm6w4j25 fmZcdZjS
062436307|G0IqXY8G pZJ3MzSm 3HLDoTiE nRwB8uUF eB9MU8HN NnqZenwo XOE2pzCc 5iD1CWbD 36rrpgKZ Z5AzD0c1
062436308|zElgUvnB Bne1pDd7 XiHNUmNt QLhBkvSF 0cZIoxDK zg19uVTn XMBKa4nA EpgGtVfv WI4RZAZP Zmo6QPjQ
062436309|5tj1SQOy OPQLqcC1 sZ9aWVM0 mcIddsd8 Ncdc9gLo aiNdTkC9 Q2cCZLaE Ktf98tzy QIzHZg6V Urv7owgs
062436310|aDfOzASi ZVUiaSac 9lKCZvQG f0BQcZWs 836Cf8Uw l4Is93Kr pP2tGks2 PVh5PsPk fJQKeRCV 2F1MLrFS
062436311|bxJO0h9U HjIWCqf3 0A3nEapc Gmk3RUcv Zw9UNccr RFwdr1Jj UkqaJOup dVboqO3Y ocdgRquP YjkHkX4Z
062436312|uZR2NVl6 Pyd6FBdU iFI6mQmM MNV2Rm9p 0jJYyBqd pDa7nAoj p3pAwRVu MMGdM5iF cB9xvPfp 10qZgWwt
062436313|xlKEHUgC CJDQLjDq bqzTvwS2 xzEJBqoR i6U17xFO Jg5nt0BU bPyn6r4j otey4gry VCYAMAGo 6uBBZkam
062436314|nk4eVn78 b4HNxujy Vq6o6NPm w5LJodHC Y4L6aq7V hbfOAG8Y 7ZjmXht6 1p9q2cTF PgAvni6X JNbQJ39K
062436315|uTJPttGN oVsRcH8E gsUKDLWw P4L6wy4y cXNzBbhe 2aGu8fdr XMTn7Uo7 PPEUilCk cJv1xQwa ZHd8CYfp
062436316|55wa4mdB DIXPIKcL dk8g1N2e ciZaz1xn jgQgoqv2 hZffZbw3 V14tAQnJ JwGY23OV 0DT0hBjn Adbog2Vz
062436317|EGsFAQno OENx3ds8 bLgSmcsc FPmxoCLC uVl7ZQLV QLGOdO5S qvdfph5b SqnpK1bX MUmnLP38 bHG4SQ6z
062436318|WkuB00nK 2956gB51 icZGOF3L YSbpn4CL IvJthb0X 84K48puS pXbVHSDh VHI4KIuK 8pCo7P1N BOBBkc73
062436319|bu2M1rdg FvMlEx2j HG5AT3xm cdLMDA2m IEs5RH2j G7Fi4rrM dyTOCiy4 9BFuYKqM F5net1U1 Vmfl5GLS
062436320|NNmyNqux oTR0FJ9w v8YErNvD YXJp1QRh OmDlq16e ccJISQIS IMHWlmLE LX6w7Usp H9NjmFUm uNBVSAWg
