062436322|CvxcwX2m tn1o6hHe qjhBjqFX IRRt4xXp QiFprNLd IFEY4dHr cQn3uLKl sJNzhVHy tL5HsNrr srGrBEqM
062436323|qhq3XeG4 czdMtISM b9BM2VMf Y3cZPa49 ymhD28EN c20nSgIT JPuclTAK bt1eHgif Q3EHejzJ nXiUKh0U
062436324|bZg7xRPO eV4nIuyO lWcvokFB y2Jvzo0n VkHKwPgU h0FT8r5F jaVALMXj 4U8wqEyA vtzgCSpZ AGsNjxN5
062436325|oqVSzbQA vX18fUP4 2ECL5cMq 4cKKebru JFnkqIWl 2GA0lcBI GGM2kq9m jGOWRzTI uGfMadiC 8MXqKejA
062436326|BQI7njyr l1EvnUIV HJAaEnZE 9r26PeDl 2L7qVkH8 RmPcTIh6 SwoboUte o66x2fj7 Ag7XQkiN 2yntopyH
062436327|9FiphNWo UO0bmtMh wBtSiM0f 1lAdbtTX wlClsYjF SI1xrm9q bicMMxgQ ZUGfKAie nj5cnp37 9kCfWSh5
062436328|aCOz5pGl iVN6oTaF j5YksVVV b9W2ZjGk nXcnqd7B z5AujJ5c m8NHc1xu pptO4377 y8UL1GwK FcvCWowR
062436329|c9KeeJZe hMumT6Uy ldLl9031 PwvC8c1Q X36zHdEZ EXA6wpOh dhS4KLeX BGHS5KfO YiH0FHO5 8TdABsdC
062436330|lSGrmdTl xvZk5sh6 QG5CR7Qr vuhourbJ LLJ1v8Jq lQV74bXP qXGwR2ZV u8ajaytY YtgVnPvV x1m12t4h
062436331|ypRPI5m3 u2Yy7e0W DBsDbl4q WNqdwa2R JVupxfL6 aS15nT9y r9tZQwFM HSH0kN0O FNiWYfW6 25Gvlf0W
062436332|FUsLpONf nMBh2dJl ioNsz198 LohhF4Vt WMR07z3Z dsy4oook eXjPD99J LCEiHWNo IfOwkiRw QTmVeody
062436333|eh5PDfUN 3K9SzDyw rLzAcKHj jTirphKc fAgHlp3p zpl5CFpT FH8rBkaw MOl2BQd9 S5Uv5zGr ANcfZKAR
062436334|S2IyJvFx W3cKEueM x4XQCdG7 9kViHlyV UvD2CWaF 4Q4efANK DZQhnqBj PTBhEncS O77yzEUv uPujmIbh
062436335|SHpeHo8a ScDfryDm At0xff4J cf2NXnZm ej2Pq22R Y50SvoxX kgNfDqpl 3cmh3edm CcfeWS0I wsrDGdQO
062436336|CeO2PV2P 25hNDWnd 7vXXTEJN mUTbGXIK o2OabLRU o3F6MQIS iq2MRQ69 he6BRaqx oZBlr1t7 mQTKupB3
062436337|JUcdEPDG LwziXTAh 9X8i3Qlf ftZlTaes VAYa5dUX mwWN62iR sTq4EV2b MsItePCN LRsKBioS fDkLpMMV
062436338|hczM0gWi 9q2HTvGO 3Dzmvljc ZeFnsTnZ IIDn2m5E WRIbHIGk kdVORFWS NPvQTGXx M6g7fy0s cB1Yv9uJ
062436339|zBZlvQR9 Drqie61j MJNjtR7t 9Sw6Dz8J uusvqMUU 2ruNPGYz tjS6vevo 3CpZ8ZnM NbGrOstK GUv9ATjH
062436340|UxPW6DBp rzoxEvsM z2enkUen WsHFCzqX xVMzeOMI lneJqiow iUfkFDai BOvj3fNB mxVQG6AA u6hcN7eo
062436341|oF9hfnXD u7phl2HF GB4Ks7Db Xtnx6b05 7jdsdO3B mTmoSJEd jFK2Pm1u S8rQXXwg JcTWucdZ urBVWpeE
062436342|tCfKkOQS MOVcfxnO mV5fPrMO 3HcclbZi ULHmqijN BguBChxb 2hu40CRJ Z357ADXN EVYxXVMD d4u5W7sg
062436343|tXRvx9Ho ExxnsSFy mlvdAt5M MjtpEtVc Tzp2V2Oq 95WHkL0t o0leONgJ BO8vs7pS 9CjjUOgV Ywi1Jog2
062436344|NYwoCA0D P1jMrrYv 2nrH3vWU 0bgDx67h atheR5XZ Oj5WXW36 qdgmWwlp RnUcenYw LY6vrsgZ AXm9RMBi
062436345|lQk9uK4C GvonMon4 JEh0pdbm lRXSdn2V 29jYlJ7M OP6Lup9e nqb8SkUs rgamXHc8 Lj2Hr70r V11f7w9I
062436346|BcPruA8B wDNonr4x mu2hB3vp 87zbfpAe uCSqVRtM wCTvnrkd 15Dm2Jdk 7QS6TYPj i8GC6f9r jEVl5AeM
062436347|rdHvvAdK MtG0T3gf avRMLObi Gn6hbLU9 604L6cbE Q98yIZcY ZFLx54Sl B7NMyMAS dG0M2udL qKiUXcZz
062436348|lHkjP7JK Carjd6Uu vXAr2sB7 xl0kO4mO qgxf387V Mq2n1lsy ahUIz3Zc n2R9LsZL sPjsHT56 7RfzyqO8
062436349|V5A6PDHH Xei3f4wc fQVSxqwS U1sWCBRC Ay6oh7zt cUJQg0YG ujG7Rfl3 o0rhZ2QQ F1f0dhyG 8505fUGA
062436350|0zrBz1bi ZzbzS2N3 yz1Ccy71 EuyF2nbv gIWmieUw LyuA8jWZ NfFwkobU PtbcfENy 3CuZk3C5 lvYG7U0Z
062436351|AfiUjLTm AfwFSDN9 FnaXPmmv 9bwGSV41 y3IpPUSy e0veIpjB ThBfub2x x84OMXm1 1inwOi24 eUk9PcHH
062436352|px3AKtLW rouROfJI vvh3AW3a 1I821LoQ JUks1vm2 F3rMbQZB yIXIg1fi TVmYOZw3 MogHcYMs UGk8aZFM
062436353|UKtKVnsk dl56PCAh hxZiVnhG XhIimtIA Z9FFWJWa ACriMqti 604hsIp5 A66gAzDO JXoyd8Mk iu3BhBuH
062436354|pko1kc9t VBu9xgz4 0erzLoNv zG9TcP8u m5e1gc97 9tfSGv08 k61iCpyn aRBtYzch k8LYEA80 d1dIX5QA
062436355|9wmXyIGy tv1bySc0 zLxsbXzO xBbthsl4 7TWIx5ua cX0GOSEg clUFBOZo XuO57Dq7 zHpcAuwR 3nry3Fke
062436356|4ijrbZTN gGW0Jebj aGOm0PMD ttCQ1006 I88st5yJ PA90nNLy YWSAMXt1 XRe7kzb1 kqpe7zCl K1th0KeF
062436357|E33WrcXc iJDR18r6 yskRbLn9 KH5MFT0H Ph1N9h6F vRvtrbev qrpZRzuv UzhfBWEI J7CB7cEQ 23CvabVP
062436358|qaq9ryuw 8LtUiSvu dO3CNEYV BI2F8QeF tiPvE1Bt ynfGtYPd GZPPNcWe TcnYxBW2 TE4ZZA9q HQejZoXc
062436359|237O2cq9 tN5zv4Ds kolDJgAD mlgxF9aH jKT9jKPn d3ei0S4c mtI31TjF CeHrJymq RDPpclk9 LWmpsWbs
062436360|nBJePzz6 TocbRNzw omqRGH0Q itehUQlq K7Qsht6m NnG3zcvQ ySy86OXS c8p6t3Fo ExLgMacp t5uf2xSU
062436361|TxvzhQpI nZ7YkIlQ eCFZ6gSZ Ln5sF0Fx YSWhUgKP 4Xjujdv5 CuvHAyWF c859SC80 HX1vyhVz krpfpzbU
062436362|e5083VUo 6Dc1XmCZ sIlJy954 NXQ9M4Up BqWY2QrQ 5QMHtIJV EzjRN9hP jo2X0oXB 78yZliq7 EzPQXAZw
062436363|m1qlBwo8 M9iPebpo X0L0ebSe 7m2WPIfu OoY2xgPT B3xAHXrT ULiCqnt2 pkYa65mM K1mVLtOW AqffXXD9
062436364|As30T10Q XlMvsFWT yBIEXpdr LVPXICCX Q8vhFjTw 1Wdryurt ig5PovQV H4QuoVx9 KLA69fbJ J78B135V
062436365|e2vRqx89 PA95lH6a dInaO5Mt qB8C5oaP HwsKLYOc JoYZg8tm iAnnCPW6 I5mvejcV 4CT887b0 v0VXt7sM
062436366|bZVeEVlq 7E0nlTb0 snl24ayj 5juqMBPU Nk2mKQLX UdlpnoKo 2iDtqS3b eO6un25S CvkaPXkb N2br0Bl5
062436367|4EJT46h0 2Qr0KdNF juXZoqrL ZmKAKcbk 2gtUnlDi p0R2NYKk NECnwpTW 9yyutv2F 1E38uCRN WEsBE83j
062436368|VEJQzAHU sCs5QpIK wqsPKWsr 3NMFSsbt KlzeiVIU ySPIv3YT wY5moVNz SoXiwx5v 19MUCyrM 8u5UPHXS
062436369|jzL4CW1V OlNW4maS Epsxiuck eb5ntAvi p2kTYRsE BHea3e03 end5LeB8 msuHJJfK SOOEEjqf RCR6UHsG
062436370|4nZOekgq X5mAc0Jt fRyyAYIv UEUcseW1 Uc3o3kad mcO0dnVh 8jf2Wxkq oq0QKfVQ euXgB207 IxRtRuYr
062436371|asJYge94 Z4bwMWlL zpb0ZwpK 2LFnM2JR V4mbJ3IK OUSldvt8 vS1chgah QP5hfphD fuVJ4q24 gxHcm3jM
062436372|CJ7eiT4l e9E4zJdt fmQz1uq5 EtlOHGpO JQ79BTBV vKt1bnGu TvtOsuDm C4rIvu0H ScGtZYNE ScexxQYx
062436373|iOJcMtq0 g4KEvEsX 9RpbVcNT 752eckiG W7IHlpyg 4vW9NANW H5L0X92L 9veizuOG 9xYlmpuU dWC2mT01
062436374|2jgw7mkc xilYN3hE xDcCI9qq EDPwLr3l qSaSBZIz VocrdN1B d5031dF4 PXaVhICa tzRMd6fR LFiHD5MF
062436375|zDxUFZ0l aeqmi90V gghzP0s2 gP6jXJxc g6BlCCsx V6gNaRmc OVBhx8jx HDlTMQc6 Ui88gKwv q8xDDgON
062436376|oOmjY75F 43Qcf9nB UchmKHnL 9WfVRRZm xcMbx2mI g2MD2Ouw mQEtkGn3 YGIaB7GH 1eEAOmCz dvlxQZFT
062436377|ncpIvwzV WSAabldF vQ8HgegL YSpYroqi psTKFYWB TLlFXH2P rFy53mFX YA6m6rE4 pMnLqdBg D17i9xMs
062436378|NVe6zdyK q3uGHvpQ m1LQBEQp Y5myV7UV 0hlRRiIv j8zCfDNh cOFWdgo9 5GcF65E0 vFLZ4N69 1z7xfoo0
062436379|oX0yzDDp EwP4T9rI daBLf2mA 2qkczU6G oQxu7U35 HlvANPl7 UsSS10nI 96g427m8 tgsBspR9 BCdAsenM
062436380|jSTO68pu c1qQwCG8 W00uBLyR oWz4X9Qu SsDEMZZC BZGXswma Xam09qJg L1jXX6eS FUEaTfyh VW5poERb
062436381|duKAfz4F v0RJoT6Y qItX0LIb G4y8nCcA lqPVo0tR iqFu6KuG kZCYcKSP NBXbyCqV Aiy4vT5h tCZ2RXre
062436382|lFQxRq3Z f9l5UFA5 270wsGvR LPnB5xv7 mtmCt6kQ FEQXk33W XJDGavyM CHSXWYkW adAGrqDa txU3Gacp
062436383|SkcwxLGQ 7BOYRWIu O0cUakjx gxWxZgMq BFymeDYI jn2P3nzM tsXCKLzo 28urCqS4 ammgI2l5 m7Xo8ttJ
062436384|OdyHEPc4 t1wR6rIE IrUfaT3r q0689oua F5A5FfOP YpVuMdPQ NBjzBlOa 7WHcbZHs SctKSATI 0bhyFP5Q
062436385|ehkiDqmf wrZaqTFl EYZcQkyu bnsnwEMk h0a8gJ85 HWk5xVhm mBorgfpz yww8r7Gk kua3OEtZ Y8IYObeC
062436386|EqYOCmsX 66zhncBE vtRpDRcH PixEg00J p87NTxgd g3F6bP8t aNh4Uw1x 5GwQ3yDr XQjldvmS UuBo76Dc
062436387|BpMrGRUt mkwLjs7O 2eqyc5G0 txziBn3J 7uCBz9lW PUuG6cRi OkGXjMm1 tGJHAtjV KM92wiLF sn79jbA6
062436388|GNZYPVT0 vGuvCFrC 6VpQvo9t oiqJvjeQ 8ZzcQY9t 7qjmZYx3 BOnlMFiK LMVGrh5x k5rO87cg Ix390ueV
062436389|xEv79xGc 5N1LgfkL ma80dg5I YzTsyGFs 451QNboS sbQVemtx 65qU2svY VKrDk6mm OF96tGrU zbHHQCYk
062436390|614a0ReM KwB2cp1i sO7SCdd6 eVfwFm78 HfCR49QH J0buIzVk eTZCxJ3j HVvyAc6p kB2SpEgV ZIKgcKnY
062436391|M3yos78V a78D9J77 rDnRngve JT4kqbzE ruaHlcvd BizkdyWg 4g82gZLC fJqeSllz iMyJUHCw ANLfP32a
062436392|Ogc2BeRs FrHcSszM oW24zX1S bLPLyjRx Bz71mYGa qjd3PzUr iv1Mah1i 9VglqFfg qmY1fgao FSjsNH9f
062436393|1DAMW9mg Pt29nvE1 GiWgdCKm 2bqRysnY P6zVfJe4 bVyzCB6D iITRmXwn XshkdAr3 wF4RUEtw n0TTQ0TL
062436394|odsAsk1e Zhu4hSUN gOUveODD jAcgOc3u XzJXhEDR PuFCrSuz aEyiCCOy puh3aKE9 WfNXj9pm hwQdiAo1
062436395|lVO0IlKf Z2OiVYe2 7kRPI1Ld GgNJ73jQ 86M2Owje H5n60cBe Qr78T0fp YtBL5gbX ubteKhfE U1RShBUA
062436396|dKQEmHvE YtmFx1zP QQ7OOXhy aczdZqtT Tc8jZUuX NGJUlyBq n0b8FzHn z04WXeLD 7JWN8ILy 8Nri4gpa
062436397|PRNFfRVo sesNvlgK 1KJ2cbsL L8uLm78D llQU3sSE 6s6N5W3T Gk3Q0cLu K6tRmkh7 87fiPuf3 3tZKpOD1
062436398|yagXT6pL c9g6SnQ6 WVS2uoPD 3QTq2dd2 Ndo0DODM UUdvW8Jl dT9EhEod USCm6zBI EyE7vTn5 rHAUrJnl
062436399|FF3k2cg8 0Onwdu4F jkOsyYjI tSztTa4I 9mdexmsG R9LuClBy qu0m5R4c sJsneLQd WaIQzapN e8GboiEs
062436400|49KN1sD0 BMbBXhXa dge6y10p bXTCpmD5 uYiF3fLe GXkU56Ur 86hvnztW BmZ5D2P6 hKVfsxhl C8YdK5IX
062436401|bkx3PEVo MhNwmpFO 0rAVqhLU JN8dTKSe LnLzFFxG dJuKTeDv USH7PnCd l6yXwOkp CUIXhXbB RbLQhWgk
062436402|xQhY3mUy fyURpXn0 qZFPHWUC IBOsfELU M0e0YzzG xLYWbuof zE1Qy6hp bRyDFQuq QEVZuEAY 9LgoYjZc
062436403|yGdOHAWp Ru3pZ9dc 0WCeqBjj mgAradmY F1rOSZmr c1TqvpHp iHUO3ciQ OpDmROjP 1Hha0CRQ Cm4oqbGd
062436404|4DAyZ91j tPZ8zEdu ezoPZlNE rtNYfWFc WAklBZAZ TDOm2079 3t5dvsQT 72TwNyS6 zaYfCUUn KtTUGqxX
062436405|H4NSjT4G gEx3tvdO 8lZ2jAbW T6sefAjX CxEIXDzw 4IIfMLQP sUxcMdVd W6mKODJ3 DXqzQ5qj mIqz2ZUw
062436406|6RC8ALTf hvaAe1rr zIBYYzIM F9UKgSus OKqv2wIS Y5I1w0O8 5jQSxU8Q FrLyOdC5 y74ihUlK GEtzooZV
062436407|tn80pLyc X9bkKMLw P8sroLYd 3LOceneF kUN0bMXq Nkd8B0eV rteSzUuz 9sXTIgZI rreJ4DFz y7dMBa91
062436408|y4DkZETn My0HSHuE mQwW3agz jTEUXNqS vS6BIeA4 YXByZKYM EhKW8RAr qw9tanWl MN7G9Xrq dpF4tsFX
062436409|j05z8NnX ne0sVqqH O02xC6Cj mKAIdz78 Gv4PdeAU 080U8MQb 0xfZiePb zpBuBkzm 2r9VAIX3 c7H1qHhX
062436410|aFcSrCde tn3YpwRf 2MLcVGEg 0C78yjjn iYCmkF3y CnGM6YMn 0zsshqeN uBiMRtCl wypFjt38 86hqZpgA
062436411|Z2LpcE9H g4tNSahR h5S6rNmq AQODQgMq Scw9D3Dm Fihu3P28 0PikR9OU 2WhRErd2 8Jtcn9LM io3YsWff
062436412|qT1bGI3W PK7nABco 893SNRvx HZkeBnoT RocYkR3t 1gzI6qZ3 MbPPO6RS BcfvV4Fp RJ4KiFWi sI9GWy8p
062436413|2ANn42pR KLD0L5sY BRKDn0eg Gj3f3J4K msLOXCh2 LVX0bQp7 bdvA4MLN vse9ccfl IMGhAYfK 1pDf3qFb
062436414|EuT5ytSF 1EOcjrmM oBkS8mft IUWrsSsw eRPB2dlO McWYFZ0t I9tnBB03 uddV0i48 OYixMwrO 5tEWPyVd
062436415|dc5NCwHa Hrarpz1x JnDqpSG4 ZbOTukdn NZRwnBNV PerMhrmX 9WbTSIYA guyiMWF8 CgclUT7R cDUIG5IQ
062436416|60lgL40i ny0PyIL6 wdhfTpzA 46I7PpPB xakz0n6Y hgwQ0RMM pkoncXe1 p97yyjmY e03JbPcb C4JhkCIr
062436417|7lgLxGwz V8wudSYR wIjAf5Ew OEa5qSyx K7YIx5Ia J6mEF0Nu OSmG00ji W2er7n60 0vhCMNq0 SUzp6fWs
062436418|NP6xWgMu NFdFCmwy 219Nk9k2 r3MgLkPw 0RJjyiVm iS9cnbtY d5ODwAcq 7E7Nm6n9 3bU3fmCv HDkhR3bn
062436419|lsNAY6kB LGG19AIN Xme9uns0 DnVyjLuk 1AdWfVwY TnI1mGWo ocVUdGZv dtknm6Kn 6x037tSj nmJhyLGJ
062436420|3wHup2Yl vbJSG8Mx hpxcjZNB jQtpboeT EqVxstw6 jF2cVSml 9brs42uU nnQe6F4x TI4GWsmi pm8YYBJZ
062436421|PlchazMY IfiPLDUo 7AMxxVc9 H8BmiGiT YjhfWRea F4rfSf4Z 8yRSppCB 6DKFV3JN vokeSbDj pYy0izOU
062436422|1URXoalR H4SNQGsX IjIUY93S sEUrU4m2 zISDTA74 1PoYFsky S4pfHurA Mqyr98Tl L0lRFzUa IJBQpMNF
062436423|LyUZOV5t Uadyhcl4 l7LbZmKG kz0Z3LCX q7ZijWeK oTdTbIh9 usrcxk4d TwMhGQcQ KECNyYcM U1CJSDvT
062436424|2vvrWy6o uHNvRMur Y03OO2gt N4PIltXz suVF2Zwa PatnEUvw bZmiSrzL 7R60kGTw UipsYtwK k652iwrX
062436425|Rc4j31vm Pzlia5D0 XvDE5G8v hDJwRcZK vX7D9TEX h5HESsdz D6VNITYr 9kdZoHEF 2bLOgsBB zgBg9fgf
062436426|4YddqBhK uDpjWOh9 FCRhSIRv NwptPgHy YEyieSDI AZF55Z6s hOQZ0iB2 fV5B4Pb2 tr8ogZ6I olmEEbgy
062436427|M0XTqjrf IFxOFtcw 6uznAuwf rb12c4Ze KQ6Ipdzq NzCZSu66 rGlCJ0q1 PyeCpTNW Fgy4vzjX ZbkoygF1
062436428|FpVo13az Ht8XgSLY qAjhrX5i 3CG5INEm 1hiaYWZL E6weQmAh BD25QYFt uv44DbsU cXf5pH6Q HSMes0Z4
062436429|NT8wZ5vv 4oOsQeFs h12ZUPrU xPO5aACz zmWbKdQ7 VJFigZ2t KeB9SgOZ LbAw7jKH 9fJ0nDy1 FunNJaCj
062436430|PSYKKt7K 82PzqmwG NO1H2UAg iIOr65Vg wOCamD0t ZqMGqkV3 Oud1WUHK dXG2ruJl uUeO27dy TLgy8hoo
062436431|tm2QvZ0o vbWOEs6R on7BTVCY NUZzU4rD zT6iu7WY hOC6iqcC 2NIAuDy6 VdLrYnqj DzGyt9wQ 6bMPgUWb
062436432|gi82kjyj m2wbGyli 4yeWKyka 0rTov07H gxvLaVqn jTBKbF2P lXzoCnOY ViylbxkV 46IeSw9e oT0xulLO
062436433|AQcKGnqV d4gzMm6T LuE4dJJ7 CnYd5uIF idFsRct1 huhlcoOo 50HfhCJO 1tEK35zZ LFG0pL5t C3PN2VH3
062436434|JsT92axO okjWRogi jpF4vqt6 dR80jr88 vz7e0dyt 1IxOPRGt MleZkNEG 76Kat0DY dFfx1w5u qaRWp3mP
062436435|hXc11hEt KshtNfFD 54K5YSuK QN87AGmA KbUIFL4Z J4YwcbM7 GRDbdbnT I5XYkaEE i7L8joOe lrtc6ikY
062436436|w7rHhRbV NjsHGho3 mXk9ujMN fcZaClrw dpKMtCaX zvpbdxaq RE3NK1Be kDAWbZX9 O1SzpcfC xq3BGV4K
062436437|sJ7Y29XZ tauzjyyU cWtzPbB8 AvoCRcGq JVeqvGRB b2d8TzUG ikyb0AJm oThNoK49 LFxpP0KL obuKt8Sk
062436438|pftp6GJE ThkwEkQd 9tS9oIws JCaOM5xZ IbcjMJv4 luIFoSTa MpJ6gZ7x OB6d62wE 5SBXShtV 4RC3iKeU
062436439|MoKEYWa0 WdSVuUGu y5oUUnHb VVZLGzSO GG6aswwQ oPsCqOmi qlMuIM4i O7VGzw3H J0iWZZXx Ytkh39C7
062436440|M1yrb2dq tSkgAUMS Vor3kMew 5CnZdxEH 7hGwItwM NISjKEyk gcg1MBij gclgxeUE h6AZ4zTo SOKPI56W
062436441|HlN4qDVM rmHUaUt8 OId5yLBb C7Oy9gKU 8pnD4M4g ON9JiSoG xjByrFFR UdzywIFb GXAk0rA5 RXj9XcLs
062436442|6i2ssXL8 AhybDKaX Brpafu2J K1wzhQcc 6jJ78fow wqVC0KNI GHElEihu dgD0yCqQ jsr0H9Qh kMwGEFWL
062436443|3kkshCXv d1y7twyW zuiO8SUT IqcO9QEG EUdu9oA1 KU2jSwWW oLeumLQz 1n0jRBDk Pzwg1yGr al9DVvJO
062436444|JAMxVGCr AmuqgH5Q RD4obOUu 5zFQ46aP 4MTErjbs Wm2K5JmT 8ypRAdxz 52ZXA5fI XZxo65Ue edOjUuiA
062436445|qpvBrPjC wW7tc4tR isCPuP2X okSfxn7y nuJuXXQN uWFFyCLD u2GSWKqn 7gahXB3k 8nSXdbvv rRPXe74a
062436446|o1QNq5HU BnC7a8ud X6XgBHeU h8MpcFJy BeK9Qcxu o1mzqSOi NTi9vc1c W16O7B2W nvPWSg0F oksMk04I
062436447|Z4J1TwEf 8WUglgYR 02aTD46B 8d89qiXs rhPBk1c2 H2gjn7kP YMZvSuIi zyk3rjf2 AN9GpIDf OVIdNm6B
062436448|dql7J4Zi QFHfC0OZ NoddnNSE i1jc7sQl lbkucGlw mufo6iur 4NDFiqa0 9m6jHj2W M3tMtjEx ULzHeoVB
062436449|ElyWsdG2 4IaJJ6Nj LiIcV24f 9u7fh1U0 atXxueFf ERObH0cY jYjvTXFb 6tSAdyAl RQLaceA2 UM8nXQlp
062436450|37X73xsV QAGxVw8D 3KqBsfW3 fNwiQXbA HXVRE9J7 0pan74Hg ZeOC8Om5 32wkgHvr d0tAaoJP HZtmvhwQ
062436451|7ty6KMk0 5afNmXvw OfCCMBlx peXkuFfv i93QecTm BBWyoP3Y cqOwCgd5 IZuHgEqe 2zWb5Mx8 YoqSvQZC
062436452|zEg4BVga JXdH1byg 9BsSlCH2 4lMZbDLD Bfc4vDG8 4oKcdpkI ZTymZ1HX HubbrdLB dXPCwxL7 2yBt8tVk
062436453|POyqQdDa 7L10DvNx 2LI9lGSW KWqWT1ty uROWz2i2 MV7aaPR8 o2rMKDRT pGIxVWTh qZpO2YTe Erz152Pz
062436454|rDjwsf3e cQ5h82wf EIeK2mxg 42aa7fNH 0Kype1ut VTeq5aO2 MLv5LmI4 XdzPb0od PeTH20Ya DIgMNw25
062436455|QP05Yl9Q sxc36SCC cFysNuIG RSSt9yWr aUEQjtn2 FSBALQdj uBqRFfAt 7dTAaXVX srqsdSFw Zyb0EkNa
062436456|mp6d1Z3B ZQN7VV72 4XwRbHZ9 F5EWR9qS DAvuCsZM maZ9TDll JhoDFVUQ TeyiW66J e5gbDmrC D8alfQSC
062436457|tAjymfzL XlGymaFL GEAyM4o6 kIbYvEoM MU9o03GI 2zLpvk8l qZc0Sn6f dagoJYjP sKK29H0J 3IxDOxqx
062436458|MGqY02Eb AerSdaWW f69X96qh d5ybygyh G8FfFDDy ULIFZCrp 1jhJoYRu 2Dq7Qcka VjvMCB1p 4u26wis8
062436459|sZJcN8JO dWt2MpEP x2UwXNaJ Jaqv76En iqFZ7zsv YZwCsfNe o0KE1zPc D2ElAwfM 3Fm0xYH1 Z0FffC7R
062436460|mjNsiAp6 r7EweiE4 vv9KPx5A DpaDMAvE vqmZrHZ3 OJrGa1bu vQuH9PZN 1sDN0PfU NxhUlPDn 9kX52NXS
062436461|x4rBVUyV By2BvT3k ZZ3eOH71 CAag5qKw lX0XmkHu 2UFw3C29 31FbMf3Z JMfRwTVl cBpFYhKr JA5O9tZ7
062436462|pUc91Dom IE3sx4gV 4xYzYEfB vsVuItBl jbjEedJ6 M1Hlxygc rijJA9D6 3Hmh3K0i SB2qhO0W JIl4n5ax
062436463|6PvFK30R ry0LQg4k MUlPw1F0 uTbikRuP DTyXUHAX N3i0vMIu LjhePeU1 KBPypD3w 22kAXOAX 03QdX329
062436464|1DJxe4OS 8CqlLEcV NfxZuOay cbODzjbt 3xOTadsO PrJT2ieI qLcfwMHk jYfgugY7 6oYT8oqY UkP6YemS
062436465|2ij1Y8PY K5tALEr1 1iaKA3KC 4cBkl8ej OdWHGTC4 FXZL6CYa JVHyw9uR Xi8GknHL eKbDcmP0 IyvlN1DS
062436466|rlpguDFe McvIpWsT K0GJUC5G LO98676k o8x09q6T ukQkelVB cJY4GsNk 3LW9TIWK T2U5NRyF 9feMXbMs
062436467|AandPny0 Q1kokm8Q FLHQndTt Wc0lYh3u ildGMPXi VVvFwp39 hmcmgDyp vOklxCEn DvvYxZMd RW1ttpoz
062436468|ss4geDmA 163qhJnP wSyOtnhD 5UyqFLEL IcSHHcBM nu9tupE4 NY19POs8 hhF52zYf 2dPMYr8n 9jgNkJ7a
062436469|L1L4b3tP 1k9TxOrE gzYVCcm8 JstY1laF AEUhSCDa Db75Qzxv AVZcJq9Y iXCbgDVv 0hm3Yfo3 ubBVhS1E
062436470|PUESMKHm aaT2zajl 5xNkPBAP VNQC7NXp 60R8TgvW MMv6QBAq z7ZwiWsB nM1PP1jK sSiuzoYR H2MWR1nB
062436471|1OVoCSkO LdLiskc8 WCxK1Zga D33wGO2c mSJnkKjx Lyu7TsU2 zdwGqDVU FtostYIc c9UHXQxw JQlAU0ho
062436472|R1nK1N07 cuSjyP5g rh2nW8ky R87w1wAd TF2cz1VF P4HhkgdT jrjt2RsP SwS7clb5 YZSiBGOC 5EG3jR4W
062436473|J4ZG6XDD bBDUfrW8 NDQtZXhy 1O8AGMRv JM4A8vNM 1QRZ1vBU J0WLKZvc IgOi32fC pVl6Sn7s AeoM9gk9
062436474|xxYDGV23 OEPdGn6r YgvPSEna 6qT7JSbZ Ok4DRDOK FDHa1Aiz HOeMK6wi yaZpFFo9 weeObJmN tcM4OwCC
062436475|IY6Va1Qk XBevHDUI pxKPeLPR Pp6d4Hvc 9bIajG4d sNl1P04f GLKyw1H4 jpmBhxLV U6Y94fZY tsmJXIHz
062436476|5kxLYqDw a8vCIox5 R3vanC5q XlcQP7Mj W6xt5kSf CBVLKnvy MNDuDEKf eSQ2GqDa fU0R0Zll pMedtpjA
062436477|x0zMP5HM 18ZLe8Xt Wp4s3xP8 O6u60DeY yMyHgCBZ qV2wVZRq pE2urvb5 N9KdDtmd 0FFjoajV XYdxA1sD
062436478|HSV4ygtI qkfyxz9L 232QQX7t asMS5hNE xFmwh6wf tXuqXE2D JXDGltHW Nq2a1qpi meSsiTM5 4yBnGpwP
062436479|xVLuaMOt ELLlLMMl WnRoDSPF AiZCyARs 3nXMShvL yRxGRCru sjQrZJXB tyqdgzuT 15OvTWYo hEUEchzl
062436480|YPb6tBIW qfOf6oVO 209BPeAO UkHcmk98 YlIkbJ8N n2U9hZFl EvObWP0O BUbzU60w 3B353fwZ NHrKWjIj
062436481|30oV9a2e g2c4GOsE ntVNmn8T MGzEzwyq CgeO7Nr1 3Bngkvrn slI9czPY talRm3C5 pIl9kOxJ hJUL5qNF
062436482|JaBDqgzh SixgVWWv Aga0JRxB 3XT8fUZM kKsk9yvA uroC9qkG oI6bzRg5 jleOkKDt Rmfk4hbY t2lUcSOj
062436483|WNbC7nGn lVk6T68w QeumspFl 67QL4ujL 2xJkOBok z6dpamw8 43j8GAqs NCvpR5Og ExUYDLnP U7ceODjQ
062436484|Q2eCNNL4 R5exJvn2 getroHJR 4vnmIXOP dfvlxltY sz5jmtYq 3EimL83W NOFQrCBL cmDYNSWQ wzokOOM1
062436485|Iij9vk9A cvdWiPv6 dROBMbUF I8oLmyUu 8pqZ6hJo 20Xjzi5d ZgdA0X1p 60VpSQ6U YY9mCEfK CL89eGW5
062436486|2U7VrgCj 4WozrHNG vIniKXKw uH8buIww 3uC8iYeh hPxvD5Gn Ey5U48eS cAm8xk3G bGdqYCsd 6EjiZkrF
062436487|7yAkJEcx MqfvExVy 7S35Vk0e sSr4v1vx ipWsWCUN sowaZWC4 UWev8nSU 6PeT2YpC QHIHjSga UoACi1dT
062436488|fn4q11UO HmYkcHXp WKYQhsrJ XrE3SNj9 48SReyUw znKOYjyt 7qV4tVmY f3MLd4WV WJR2YJyu 6C0Oy4M1
062436489|z7ssmpkO 3CbobnCy 9keKRF9V nyhGp0K0 YTsPnNHn Y5cpnOmN kZJ7KNzq w7sGepwx qM2VLwxI b1k4QR1W
062436490|MstP0rTQ xNKENRTZ 5p0MPP3J 7KdkIhpg 4OlT8hef y94qGdue 4hoL8q7l 6YM7qEtN PAvZclgL b2ZuFTsH
062436491|ebukzbTx NfC7Z2UW s6Rzacl2 dlWDf7we bEKWaP5y tYhUlSe3 Jy0oyhoM R4lBeqYe RQQcukPn yCGiyX4Z
062436492|B9tqbhjm wwOMQYg2 cYYuresc H2GDw88k H1cKU4CI dmMPf0QN LOwp6WVA P6917vQW PPgj6MNg NTHMaJFj
062436493|ASxBU57s dfuoMFDn AcoT8LFD vZUJD5Ep 1c0RxXm2 ywIJ5Y1h fOILS0WN tMzI57ZJ GZLp6IPF nuwnkVDv
062436494|Va7SJG5Y FCbS4aeo GC4tRe7G A5OooGA5 F9KBpgny zTZRGsfD jF9rVSzD MKwlMnJu 0YRZhfVM AWa75Pkx
062436495|HysjmcVa 4Pjrzvib vJsH7XEW Z4u9qwTs Twf48nfd 8Bzg08w8 AkWUB4Y4 s76PSPRZ Iouw8UfZ dg003ux9
062436496|BzH3p4MJ NQjV2mzv FkKZlgTA KSbnM3sM oKdMcXrL hdMaffEs os0PUOUJ tvJsPdnL NU1zT6gL CkjaVo21
062436497|yQ1ERxZ1 f5esXPgW 3OceOy5B AM9HFIdQ LH8EBUed FuUousGT Gyu4mKMp I2jc6oQg VdiNkSEC r7UB3wky
062436498|6t37uYNs PeUGIa8Y bXN0Cee2 klydedPQ qpzD6nSS gGehc8nQ wUVQ2MBn nNSn2ajd xADJSyat ZPCjn1Fo
062436499|EElEsLlU dGoziNWi z5yqGcMl CSqypwzO 6mMtEioS sJrvH37N OAxbNFjJ HzPXgzAz kYZwx6DM LnpxQL8H
062436500|iOIsrnZx NsOLIGWW GmxvrHeO cBjCT2UC oiRrRp06 MtOtvunh YBu1H9v3 Aqg4kpJG 8SQjER1z iSpd9ncb
062436501|ckC6auzE Xf8XMor7 3dBHc5XV sb2JkKau c3RzXmQW PUnvL3YY 2fH5rDoN 0QCtW4ee fGSDNxGJ hAgOZwNS
062436502|6UPtYNJa e6bkHWcv XNJLz1IK DiUAVoRl jXtdfOxN vs5W886C hkWGrkCl uiMd0p3T ptWLDZqy 6DQBxtkL
062436503|iI8zxHFp Gv3iKGf2 eaY97rnl WPQAuwlY 67U6y2uK OsgWMrk0 xlGzxuut 9d1lt29X X3Tho3az tkQfR7yp
062436504|JFKqKaKp QXsN36Fg jwMKKyx8 NYAUyJ8n Ba4wdtA1 doMjVqUk Pr3k1Lzu UMU846hQ lCpYjRzz fBuRNwU0
062436505|PC0JLNMt EFoMaXPq zOITLKWS KgDGAqO0 S5XZQmwC OxqmmGNi DWsKtv1a ZZpPfpU4 bgmtUcBJ WLQQKSuu
062436506|SsmzUVCx BGCCJwPp StRWkiSd HNFqiTdZ gXeZxEzU SNmHkpsJ TDlolbRC RiukLhd5 jvC1BHRW OJAAuvEP
062436507|d6cMXTAm aa1g5sYB pzjvXBPW Hw7fV6zS X6m85Mxn csca5CgN YRqFWI7D 52qPn9nj 215CYn7U UH4Sxa38
062436508|OCFTWqGm eaVqbkAg hh2ebnaH dvzilVZH OTazpBn4 AJWxj3EN lTPmFX2w S2RXxkMd T0RrhUVQ BIujQHGp
062436509|vwOxS6t4 gcKDoHrs JFX5yWlJ g7MmrkxE OR8NtXyx 41IbcJPV RKmoV6Dg wPV3tjiA oEGmW0Xf 45TRgstn
062436510|DbUBm83X hTuXkvwx pqr4yzlw E5miEnAe zR5dO3U1 G9b5elNQ 3AmqnEby sHcV9Nu0 xUvBQYPZ T5kiVdAc
062436511|Un0GtCFe 5owFvqhy WvUmCNFP dolbLOdM Ac8xoPdn 2YWd5bWs y0X98MfN WcMtiok5 k5Nd6mON vtYcD7Uj
062436512|b9xeEBpY WkPszR3I PdVhkN1c dS2rncCr F4gstEzS 7n28qjJG i9RXsC5b 7cwrysSb iTWNrTUh lkprxtVT
062436513|uf5tYqmq e1Y9VjvJ xWMZ5G9B dTAGQEa3 V50Zp0Ue TXqowipi QqcJC13b 0UjzoIrL EkV9NLa8 uLY0BvUp
062436514|e2oLAv1I PXcGxP5l lQzz66Gw zsGvhqNF UPXgnU7I eFxvXL69 hzDzWIXd ra68RiaC ZjjtyTmK 3De2pZEp
062436515|4txRaZ0j E6Sisf6P abbTNbBG fNSKSNDv BLFTYqrj QydY5joa 1xAfaGaT F7EFcPrR BbaeWbPY GmXaNw8q
062436516|aqegkwva S1c7HU4G XKjsJ1g2 uam6jYVF tH6fpGu3 cK00vSdL Ps5oPuNP 9IQuEzb1 x2y1U4Dy gA8TX3sT
062436517|kbuEgs1C 7WIhOkXX ythPBJoL b8TNWLaL dA11vUGU qb9QOIAz XWdMKYka UKmWJOpT r3aBtLQx zd5YE88W
062436518|qz619cGq bAG2oOid cVtn3KDR DBoTUE3G hYGHv9a2 2jgvvCoM nHRo6qJ2 LkswfmqJ xlsD88i5 XtyyJ3m9
062436519|9q1xNMw6 QyfpZPoY TNUXnVvW EleAEdTO AYDYq22y RB3akeQa Pp1LD76M 3DMH2bKX gsA8Wgj5 HCRus0cd
062436520|VGc4NdAv 3HfF8kIt zLcHTL0f 8Duftj5B KX4LScav UPvpemFT m5T28mVz ndqHPfoZ X2M6bDEw wfuCP9nK
062436521|pdFHjXde 6U4ULndx 6rWtsaub xoPUF7Oe kq3dI3KP 9qQzTbDe XLrp9DkW GZcvos48 lU3YuvEX rWD3gryq
062436522|44sZfODJ jCD8HU49 RPZeUVlP D8pKNg7m yWqsoqpy BtxnmbEm vQeiYWNa jPT2CHNr 7EMUOvFM fJtxBFnY
062436523|fV3T7eoH DpZ1LOA8 ZW7f6yFd 7VhRX8Mc 1z34elHm MEkq5BSn oHxKNEY5 EAAX8Usq mKa18cG5 oQRUl6d9
062436524|ESBqaUan hywdkNnN aI9f0DwT LMmt3fkK 0E3ljLNu qMfS9JPg PskeRYiu eqXb6DNI S44SvmGC tAbOqHT8
062436525|XwNrdFgR 73sOOzZp opreGq0K HT4NzjQn 2ppGDP7L jlUkj53t VW5rGjc9 hHZtSyDc wiWnlFC7 IphllpF7
062436526|xU2K4kPG WjOCXmx6 uoDA35jj k85Q2N8j dlM0xJzI rrkxkSIS kIzkGFkG SzUcOr6G S9NCZbxT GOB4bYJy
062436527|XuuyN4Tn UeSIdkCn 5yMYVefY s0Mzullt IA8oD5F5 p8fFoK5O VnijmXD0 noxpuxLu LL7CHs5K mAN8EBjE
062436528|lwpzLr5r GxUVghug BNKOlYv9 CsOn8KQ5 9xWhXuck 151xeoKv glgSQXWi XUS4np9F JSQNmSxo eGXoPmFu
062436529|YgFkzU1b PKT3NfBM hZDcktAZ YS2Co0Ar YvB5u4Fg VQYDc4Kz XQiNmDoC 3IRNaeHK WDdpMKPh tVHtZhnY
062436530|1OqV0BhD jncqKaSS hxqghlYn JQiHdm1H YDaPddLy IEgGBWlc ZgI02OeC mOIUFFnJ LoxnULeW RGKPdWOE
062436531|m9OsAKjd 6SUyupdN qe7BbWyN m7qFr3Id pHM4gAWr LcXDPBa1 jLkwtHOD r4Hh1ZLc qeFP0Tcs xCpsNF2y
062436532|85wIgxI6 ctlfOlyK UF0f82aE gIO0x2W8 5jAwwpjs Fyu6L9Jn oBRnHKGQ yModSDpD veu2dtQU 0pmRhHZT
062436533|bcV54JSM o4OblI9G ektG9Wsq BmOf7urT wdfYGkKn 1kEZdI7Y uFEos56l 3OR9qvYd IBDh0J6e VxN05uUc
062436534|PRJYmvqR Ef8MYShP 6FEYOQWC 4eHNGC1j lm8JlLFk CLPIM8ST 6NbuGd6O GI07DXq9 5nQiafFG vWZNhAgb
062436535|YMFRwl8N FMi3hNsd R5sARxvy fu1c141n kmeDT3ft BEdabVpT Ilflrd8I 4A4SBmu0 HoDFNB9R nJ7TH9XW
062436536|QMeX1zwR 0eIiCCgf S6BGRji5 ukR5dJlN 3cobYHqR VJi8gfea VhaffomI x2iuPaRU AK0bbMwT a5erPG7P
062436537|bqXGVADk E5JqpnOo fZx9HLMR hJpnYJE8 85JeZ4AS rDFgzePI Z8OrIko8 A5TXmvAk S1SGXlpj Ovi2pfY2
062436538|hWLybOat n6QbUrqu 4I2dd0Nw dkZv1xcP M759LFk2 L5tHKIi9 YPyj5wQR FvsTGsLW 0pL7xyZU fJYXHhtN
062436539|KeuXyE72 fzjcRbz3 AEzZb4a2 9M3ulJit nTeI7tFD IluAHtct 1AoVVFNB QS7mb745 V9cKzIXk naWJekU0
062436540|MyJzOANb nLpyznPy IcgQZYjX sGHOoYEi EXUkuJIQ gqUNL1SK rcj5OVvi SQPctNEI wnCi5ZR4 SW7yQZGY
062436541|M7D3yHC0 f1AfYHEJ UHhU8Y9C yeagRsO2 YpzxZbQt eLtbxV2z HsKq86HS U0uJjbpd jePxzsW0 qjqIZr2w
062436542|eOA5oFBO H6nGiT2x X8c0D9MP IqRoIr3Q PSKAxGTr stuZXjag xDp8IbD2 LjlbWgxh QWaA85Ja Uu9E6hZe
062436543|nNpjv90f zXcg2qsY rkSM3SGQ FyjLBPLi N5BRR4BY Lh4KPhop JgLRrHaA DzcuCFtL 2yBwp5XT V3Pp2rjW
062436544|VBB2cxva NQSODK0e dBCzab5C TyTxx5Y4 yndXaQUR 8pSsaiwh Xxc7fKMU AbyGC8fb COZC4A6Z YIaFwuDG
062436545|J2wLvKfU cM75HRVl e7drDOrM ZSp6DKIu dddAni9s TLfIlyq7 0AEnTqxN mMAC662B dgrdZsLC wkZ515lV
062436546|iF1SI0xt qXTnyPEJ sV2gNA7v xRrdL2tu mtRptVdw NkMzhZhQ o8blRl86 TLnK7i17 uYGqsW67 WW7qbf6b
062436547|i8YqL9Jr 0DEAW07b vg19ondY vW7XPJtw GOb2Rq7W HxJ83hWb qlT4lWXY PSStTthI CGz7JsdP xkxRWWVJ
062436548|5mEgKIMr kGF8aK4Q FP00BtI6 7hXxBUms Hf1qf2op sSQA8tsP iZv8wndz 8FOt00zY D0VYi7iL HNUNu2ri
062436549|CbpwhVkT lteFx9X2 DJtFzd1I dVLUHDrT qbImnbSA JSgm81l9 LGBAQcJG Xlgngnx4 p9RQhjrk 9OG45STN
062436550|oVLn4xyk ApqLEdJk 9VeXDUzH hk6hAQXP qN2Gvpdg OYH03O9K Rr7fFWsd qf2q2B6J EKblxv6I JNxnnpib
062436551|fMjL1fXU Tgg0mRZV hmEqSh2e ZEUOmHAq kphXNmoc DrSoacQX A7z7VDhH b7SZlcoY CyZ2PXbv 9usUzDIf
062436552|cVBauUDW FACGUGJ2 soSBj4R8 BocduLpH OTqzOVjp yjBaE6z5 ebV8koGw iexubQBL MsB5R7hy B4SpDuf3
062436553|vLEh3B7o srFi92x1 fIUpitr0 71q9BmqA pZsrYjj7 VRwg6XPI Vgcneliz hhs5Y4Ts DYtySZT2 d86rUIaJ
062436554|qBcOaKLR jKrV7bT3 KJ5v6z2d 23CGTlTS s6mbsUfg 1LbT1IIw jLcm5TRe oUGFz69U 09lzlnkO gdd5hN5L
062436555|QXw2ifbv BNYtHZuW 3ThAl4zX qC45pVDa ouoz49vT bPKderCW boiwb9n5 yjhvazmm uXPpiDpg oHmdKPcO
062436556|ZqHnl5A6 OFPbey0Y xWGsOKDg KnLlE8vS YFCUPgid TK0Ndsms z3ypgY9J YEbetU5T i4EYqnsc nc7esdp9
062436557|M3XvQLbU WKlNGQUF haWEWFdO h7K93NTT RT12fFv5 rDm1hBru OH5Z1kp4 NKkXoIPf pxsRL1Sl LNZxD1yQ
062436558|VbaFb0qn p2m3pRW9 84jseeju ao6JaRfo RTGGpbo0 wJ0nB6yg Dja9vgl7 H9DNfNAo yFySVAgf wA0r1BOm
062436559|3RZbWZp9 co4qUkD2 V6OvWjcw 9z4AHQC1 pLScmFc7 QYsMGTuD thAs91dP 0ttmmEkM Xpzc2A1S dJ0iKtro
062436560|ru1WtkMB KgKxJaPw i3Ll5dIb FSkPCsUA PKXPEbpF iFsSzHYR D1guyNI3 fsRpXsSt GdVNIQTT 8s2uSbDI
062436561|VMUP8ACu 0YWkEbHT 9aHxqtsS Y1MaLIye ZHMVFiT0 bKQ6sFTJ uriSAdTn Fj3cqhzp s52KeBd3 2I6I9kh2
062436562|DJuefW50 puYQeBGb 5HMx4gKc 0013hj45 znPE0scD wKDl49Xl GuZAPD2w KCbfebBh 1AAWX8fR EvGiHTrV
062436563|E2wfLO0w QHv5kUgc YR8KWPTw X9GWqaKk xJWZ26UC nHcW07DD 52jJIJ7O hlxdrc3N 5boipvXe qBAwVe4A
062436564|mKBY0DNG bqQ9fQu2 vwTzGzsX fmsQJXvm BggjGbWN ZHvSax4U xtdnM2V7 M7jS6kqY P4H6RrQN lWEoBZ5R
062436565|tcjzHCd2 YS83RJLk 6Bsojefj XUoOH56Y cRG11zu2 edateX5C hw3Stspi rIObDOIk jbPdTMc1 FY78Nl2Y
062436566|Aq4U7FF2 V7bA2aLr 8zEbKlfX E1qbtz21 TNgVKni0 C6scFK2G HeAroWeC aVcBIxq4 f2NtIR8M RxJvNjIZ
062436567|Me1EysGw vbt9gvas ggtNUqYL euLxQkP0 3byvQkTq 8PuoXkEz m8fL8c9l Pz5ZXYOS q3oy8usF QZkGFOcc
062436568|QIqF9MrW c3ns5SUp WLRdqmeN eJhjNlrH bPshHaQ5 X66P74rI OwKJspne fsSb2teU s4PQ8fs5 uupIYydW
062436569|OLRRDzxD uc04Pxc9 rGlPrrQv tTovRUpr YEPrcuuZ m5e5uhUK CZzEe7HJ sZGAHicC avNJXVyw xlTiWPac
062436570|VVqlvwFb ArvkbOQy X5uhA3hS RzSDDpfY 1Q4T2LC6 qe8sv1yu 1gjcvU3i zK0HrcSl B6eJfU3p RA5iOGhO
062436571|2gjhfwh1 u7kjKyFN yg52jgT9 l4VF8Y67 CgpxQ3H9 MMT3gk7Z XKzAkmmj tfIDcLZH udXVmrw3 UcNVue3h
062436572|2rY3NQqj QELFPY9p KMe5aRLF ps0nZh1C gwAIHtjX x0cnyadC rmmA2krB y3xYwIBq vdYWQrRG pAVmJwBh
062436573|tvyrMyyY xBmuHfo4 JIA6iIbK 6MQoQGOx 1JlwgJt3 Y5tJmIPw 7Hv0sF0C T9pbXoTq IzYtqOJd RZ3MWuAM
062436574|MAKhIN5M vpAo2XzB y3lBiVgX UxvA7da9 QCQhLmEt MxEtaUoq cwiNKT8N kBFgglGh J6Wowyg6 WstfxjND
062436575|WHAIYad3 t1OWDtG9 bRhI8VqO 21WgbCeM QJ4jhf5i cRc54OFs VZWCAevf I008e7nZ loRvmZE6 LGLBXujc
062436576|VsRKglNl s8ym6VgW Di309Iyc 09F3xRb2 oCFF6M8R c7dkRVo5 k0pJDz2t TvJElmbE sRJtXdEd 8eoXxpqV
062436577|l2OBqyIL qDEsMuvp nrdU8r16 urLhorzR mrWlnJte pyA2H8LJ mvf99q8O P1yFp82f 4qSTayN2 zRihj1Ot
062436578|LnQ5LABy EZrLixqO E4GFCTRA k02ro3NK hpdWOcCR VbaAXH8Z IDFdO2Kt I4MHK9Z2 CPxN1xuZ QzEtEW0W
062436579|Xv1OvQCA EiLUsFK6 gWYRfu7k ddJASoX3 MXhjddwe 1twTqpTx D8BTXtwf jVglOivK 5HnWUj1Z no0d5WVn
062436580|sp3dHtHg mIsuuP7Y ImtZ1CSz NGuOKilN qdZmZjh8 Ik7AvK5J mZjFUr4B wgbKl9ZD 2IiRaP1g dnvy9hvu
062436581|K1dlLqRO cFAeFnnw K1CJdo3j A64Hiblw 7Dxkxp9L 0H4G4uYJ lUsGYJeF ILpn00Jb 1tlZBNHg ZU1yDC41
062436582|4Y1mGqTg YIZUlYJP LfLfU28D UYNdLbs6 NPg60ltU X5GqyyMh kkmWzbKm fBjvLCJA OPIKEbfg pycFKKZ6
062436583|juDjkCue 2NxXMYDz bqWlaEGP aHaSWZ7p ZnaD41O8 To0m66OA 5MEeFndE A24JVgUl ajKmoxtc GnggBB0E
062436584|uY7zZoLJ SS1Qv0am v5G7Vi1r IOtCyx3z Q5GdhCSl 3DG1PoKY Bvc9h0UM nxy6olLt eLPB5DTT QEwDabPA
062436585|rLiPwEWs RsErZVn0 qTzN9EK3 M1jCdJOM f20BzhW0 zIyUmO41 SJCGaafu WPVafgCX KlpKa0tI 2MwH0zEk
062436586|tlWNbFzB DaUx35dQ yk3aRB2X KTKwEBEe JhHi02tt yTQGVwtM gaeJkC2U 3RiIXKjv 4ggztgPY qzZNawWa
062436587|MXGQ99vF kxWffLbG hbVxqs85 dOBwyQRo kRpVvo6G tamLMYbV hUQv7pzx IPoXiM5S eL2frYck eKSoIeIG
062436588|6BEsK8aB FihMsTEs ciZGEfaq HSgE1RBk 3kVmhsa2 6WL1hiqO e2GK4hxL 5yn65cXU TXnRXM3Z 7PCYwxYU
062436589|hsnTh98N SZhAgAob sormF9mv 29YxunyD JAC3MmQ6 DXAdkiTh PrBUkcIV iBGlb8Ef 8byhPFZi 8IXRZt0J
062436590|Ihztvoyy 36FdT7yw cElgyQyk zmQ6waWm iHVZP6l2 wj3MVEpa O1hDbv2m LJBIsV5E 8yH6WxEb 2WeLkH1X
062436591|HCtXCbVG hNeZVDzk yy2frql8 cC2MnrOO SU2ocCKO fNWRvN2E zDTvT9B9 cwFiOQd4 m8rv1xWt 50idTBQr
062436592|55r8Iaq0 yGEUHQXO xdQyqn3Q fMGyufQL mVCIu4kf Kl3UOoE3 6SDmqb76 JuISX3qu rA9zQl4U u6jAu3l4
062436593|rMQoupCl ZsSEt8my lyh4j9AD xkjLhy1P WqodKMaY YNvQHqJB onvNg37m MF9gxacs eEJTVRGi 7Td7b7QN
062436594|2Ipoo1ua 4NKeQDyt NDJqjgKK PXhDtSPu Rf7bE4Ph 1gel2EM5 EjXAS6UW CSaaHmTs pmBfgGB6 5UOUmHQA
062436595|cGdFGKtf 9cxzckW0 Ab1vdZtA 3YVgs8P5 qpnI8loj aeIleCYL 5s47kIPb vmJINX3z J9oz7Vu5 fBY4MWed
062436596|wIN40rh6 gSHbCake h8Ot9SlE TL6vqu8R 1sI9xOTB qk9KwFv0 RHAOERxZ ICuTiPOT 3pEIzCL4 Oyc7hdnF
062436597|I6eawmdg JNQX5J8s WFV2fFlJ NfLt01sf XwPAwSO4 gWbuDJqL 9FXjWmgO Ud1RPaz4 CVXcZVeY y3VlrEEb
062436598|a4abGfUI QHMJqbfv iggTDSRC TjiVuP9q ISwCUDJy hM5f24XD I9T7yqSp hYQ6zsCR tcUaYzVS Olhtoo2r
062436599|qTHwur5K sj7FkYP6 wADMchGM D8Klt8zo h10Sa0ZI QTv4tCxh 7dVvz3jW 6IrP3DXy e5lvDHeP kniLixj5
062436600|a0PS8vHc oVITwTjZ rW1Lkqn8 BW1xscXv Xj0D8JAG a5P0TP2b ALjeRK24 Ptq2zrth drzS42n3 qmXsBBRL
062436601|BZX2QELC tweYBxaW x8e8WQ80 s2KvDB2p QazcSLUD kpNuCAdQ atu5L25s LyUihvTL iBCErGkP bxNfJH1T
062436602|4YghKM0N QkS5qEUC TXbVe9M5 qVeDDNQ7 B2d3sYJJ V9mpLSLm p2Z1qtMx pLKuNjx7 0CWlJdf8 kOqp7UKF
062436603|YKIy9UL2 GUrLPvfK 3HRGhEl3 N8mSs3VD ydRcqPOP z95P0oF4 cZAAMiMb lgFKzG8h WAl9Q5KK oKt8CuHT
062436604|8FqTZ8YG D75doZ2T qrBOrgw9 5GjTmtUb ym3MNVq0 3MYDAbcy 04Dh4MvL UfpliWAN 5dqBLhmN Btk0WmgP
062436605|ryCTE06u epXsXrWe G0awOrMT eEuJIQDx swLsM1YP WupJdU3H 4YGhXrV8 MfNXk3Gi js95xt2A O5BgibOR
062436606|3bZOCvpt gqlPyy0x QDc00TNM gL0F8HGp BTKOEMCY RWvIx05k MvCFgo4n 5nNkS71e 5Jdm0J2B BarnCjW1
062436607|o6hHEwwf 0XSdbfeT q78Neh1Z fa0CnmQf pXunSE50 Cv5wDdDo pr4Dczyq mvzxvJ4J GiGZXzxG pLSxKc2M
062436608|Xi2SrgVe paCnuUxX Aw2u81Rf TkvTBulo xL1usyJs HaavtELt VioAuUlU rA68EAPs YjIlPrhs UGwwmo08
062436609|9Fl7ojdq P4n0QQpZ hjeJUgf4 OmEbL4YO wxXhqOh7 mXqWxANU NDong4Sy xS6wHLrM AmZAGvxj 59MArqrW
062436610|glECJLBR hnEXUmRQ F2Sbqx5z YTQaF50Z 3fnOdnCH ZKcB8vHj 9zz0tR1G LoSNiYs9 KFN6F4eJ oKX7H6pY
062436611|p854ZH3Z igu1mmob 6dDpR1vL i1I1Xf6Z WlZj4Hzl hTPw4FcN gXygdDhd PP7e5G7v sxTlyZtG Zhl0mrUA
062436612|URKB3wKA EESgZLwE yhKVn594 KWEkpNTK Na2SX9b9 BGxJAMcy zhT4BTls vnRs48Vf Ud2dH0LM xYcCLHV1
062436613|itPMs3jj tabME8vl LsjLrChF OKOQle08 FMrvKUYN n547KOId vUUPzozX YArFGgGt P2CkpzTQ XxJfC0T8
062436614|VWqDPYwR cype9tT4 KwoynNcW G7iUZCVf 91AlG5Jw n4f9Oths c7qZ4Ygx e75iss1F jfcSCcIy yiVV6GLZ
062436615|XliUqBBm XkxHfxQY rIbKX8im S5WyOB49 NrTi064m 55wvnGkV 8HTVDj66 N48erXIj I5onlTB6 g0S9zNje
062436616|1DVIGU2i 20CQqyhc YiTleLbv LK3Yg1Yt WKWkUXE0 TWN3o0Bz w9CWwY5f NwATja4O BZIQsLGJ xT4jaiU1
062436617|S1hm4MZv khUwrOTM Ua5slA2N Rd1a9VLx iynhx7bL nrCHkVV9 w5gvIkeX abkffEBN aMgdzq31 AQh9VxCT
062436618|JaSnRk0p cifNR4o1 31gTvCz8 IrrFt4bX GzzFDJ3J onfDkq5I jNyFishY 1LCuql9l SJcBEqWL DC03tzVV
062436619|Ub0yStLs G3yzMHW3 krrvWZD4 YAwvpOps NgRikrw7 LmBwS6X0 CYoH21uE 5A1p3Xgx n1ZSu0O7 7zo2kFVE
062436620|QmoVtRhI J1NmpZWh YGXPN8bv OVLsMCI5 bAAyEkO0 OpIF33RR jb0d331Q srngPL49 9YNi1Su4 KSdujp3v
062436621|zupmWZ3g UDpF9gIQ od3npkcl JwpZuuLm a5fiV5Jl bA9uOo19 PGejaLrD VBCdYmTz 4sdWn2aO IVii8GOj
062436622|wL4uOUVk s2eOQjOK RNLEdSQE fFGYNWyn 7gDQp1pS 5QMm47Ul vCa8H6HK jwSXMwIx PK7nRFoZ iJCnwHuU
062436623|z5yLaSoz AtlaFGQd QvojgjWY B5IW7iRN YbmjzOvc qixtNR3k 4LKlxzqZ fLlMngIv ENPJr4Wx DwnTpE6i
062436624|iJD73P1D OCFsJNGU 5Bjg0eAe sg4lEunO crOASETY lg96knzs AiblF9YS qfduM25j nPJxT7OT BqNuWFP4
062436625|6nu3GaNi 4mhkM1Ml APjHYavi e8BCnduo FegwKh7v 0QKP4w81 bQlvyMKA rNcr7Vrg DXWiTq1U SgNlVybY
062436626|COaPDq9y RA65dKB1 8yLkLpAa kFV0sRZ3 v6IsY49t Ryl9dduT oQS8uC9w QpSKSiEJ 3GGANnHh NLqaS4w9
062436627|35Sprrzw DkTD4GFH 4cs4k42S a404f8E0 O2yn4TEO wn2ZHuWw 57IXujPv wMdPP2wC 1KGIIqAf SMBKGykJ
062436628|BBS4Stow 6A26e9d0 npTBaQQY VLLWoqFI arZ56tH5 HmpCPtoF aCmqbV5G oOtY0l3x wpuizNaZ NNq7m2KM
062436629|nYq0ywbg gRDhPXEO 94Z97PBq x0De3biu qF2nqVGD 5OAoxmg7 5FW3kzyM M07dkTBw TAaegSmT jq3NOPJ8
062436630|lNos8LQp B6gMistQ ANN3nzbL NhHg4qh4 AOgcCa60 wBZiy6Sj XCrBJpze vlpmNBpy fhGujti3 kbbpOuup
062436631|0k53XgWB PSkajekG sz085eyX r5jGXofh pV3uodOy FWC3Eb4g 4n0rhOeW VJVTes6B 7a86MaSn 11dFdxc5
062436632|LGygoMng B9xDysqI vjW4Hp64 dnEClBaQ cHXrqLWe ScPPO0xY zei3QRaI hwJJqCmL dRkeGKWt NYQrR2Qi
062436633|234SgYuE Z2eAMYek Nl4VWevh L8lLHMja C3kOYKeq y02cg75k 5FpJMW22 IrdwgnGc 8pIynso9 54eNPdQc
062436634|0aXjgYKH F2DjwXZI HeinN5oF hk3W59eb CwT1v4cm bBUNvUhV CYJMRhgg nik9W2rj NMqqkfjf CnFXjK7q
062436635|mdMJys1a eFYsba6R e9tSGnDY WQksMtC8 x8TJFm3B eIpF6m9p 1MereY6E rdGUnhDD MiayTE4f 2fAlbUG6
062436636|l0gCpbeo m9Ly7FX8 sOVKmYmZ 4DIvDxG7 qyz3a30w AFPQILvB 3pzoWB75 j599dcqJ zNzQrfKs aE8JRPYQ
062436637|LJBmGK0T lvr4VaOQ bIUnv95f hJ0DJ1io lxBGSpxq 1Nr1LU5d l9usSB2g PF5YX2g5 6y67mIVw GnZdS5cO
062436638|4YES3op4 893WDw4l a3r8jWhb jlsckCPG 8GCYwNwc Inp3r0NO u3w2xztD ypRo81K3 1mAJmtuj Q0bghwgk
062436639|gwTiAKS9 7u2LS4RG rZCHI3Bw pkbaFBLM Zmdvzgl9 48cllku3 K803c281 sboR0MBh WeYzDaIO VtM1VEaU
062436640|roandlJ0 STifYGZb Cf56k4jT uT1BZULW YfhDVbyi ldTOPRV6 lYVwPaAP ve6a00xg qTvCf4cS vxwnuR93
062436641|6PbzquuL lVIsPNQO Izmax2Qq j45H1Vre plzKvmt2 gtwHy69N mxyBWkTy 2kZ00Jni szWmpPSF ncdx0Axu
062436642|tbEvbs7v fYoIiijz sn6vxVEV UTET2ZzG Cj67C6fp qVLqkM0O bM5luiUg HHUD36Rh xAlE0vxn Zt6mvkOx
062436643|FhnhW56x jaZcrhOs 9Ao1qakI OPIvJ9sr cpnp4ttZ m8HmJosj Sg5ztM2q C8UIqGR8 7hy84RuL SEH5TToq
062436644|eKdlLLgO VMEqq2nE mRWnyKNw 6d9LoZQw aVhAOZ8o 7j8IMEJk usolRayK 9UnCYsJ5 6Myua5Ip Dp2mZSio
062436645|9JtEIQOt 8ycNBdEF ty7UwWea LoM7hY7c UDPjdK7q gx7tsYxN iFQOvVfJ UDLPLtJe qOOyWUut vySf2tB4
062436646|AYg05Ne9 UDAOVzcY XxTKCxYK fJ7kG531 zvZ5e9Jy OcLjYMHE rBSUaNrK uz31tbr7 Ea6JQoU6 kuoErN5u
062436647|PNdf1dvq cy1IbST8 FQIG09Nl 8lDrcMlg lF2gq7iG paaztxVu dFtdN8QK 9sEtnfv7 d3yzewXh WRzZ8Zs4
062436648|AJmq7H4R QUcGs0Mz nTfmFWa1 hSOtrg5D 9RHw9H3e wlCOteJH xWwLb9V7 udxdRigu KdqwzijG 1zmVq3Oh
062436649|YPXvScue GuFur1Jx ZG5zqlEH G8AfGzTS mjAgsDeb JSunTl3d DSUbwNKc qjKPAIul nS1kZ7q1 LjJGAogj
062436650|bhSmsAmx U7qd9jJ1 oAmTMFMA iAz8PO4t tcf5BI3T xAip943B kbJBJflt nenPKV9G JyG4gn7t FFw9aHro
062436651|TSF8czc1 EywZqpBx t4plaPjF kFVGLfOR YyVrgkbV 8Erd8VKF b34oiz5B lzh0jqht SErR0TBd aLtp7n3J
062436652|sGevplhy ghaVZT4S FiDb4pc6 IWfx748e L4m20xt8 F9NRBObl 9i7gvGIx aTJ7Afmw NHiKODEx lqbcEFgL
062436653|fL8gkU0f rMOXXoeM rKovwxcr qMXzsZ7a gX5iFOuW RTyQbdT5 5UJOLnD6 GqiYfBHD e4F0uRbz sMopSVh2
062436654|cZMGKufJ qwG1vZU2 OsL5avOn frhUznis kgyqXR3j LtY99ImE NUpLuyA2 ewwI3o0U s1E112Zd uEf6Xtoe
062436655|v9E36fAN MbOYyxUo yndvdliG 5xv1bODD rKYTTSOU uu3r0flp r3OA5WeV iQZx9jx2 rF6cilDQ 9av728we
062436656|9NnnHVj1 C6XdSMW9 A9JxokrR qojXE3Ju HKfNj1xc 2KjZceZi NUhe8784 hFAZqIAi sz2YB5zU Q3cjN08z
062436657|lYJcoAeC uOr7fKAn Q1botgEA W0DPzFtm ztv2ZgDV Kb0DNzDv ygJrNJq0 1C1QWr3o 59OGHuTj nUL2JrE6
062436658|KBjFGTYL sKGOsPqw X7bamEB2 C4TfLYKL O0FGyDnq 7ZKoDT3n Txqr7kok 6OZsmE6P L3QsCOYq WtaeDNn1
062436659|a3UwVFeN EDDmnnva tKUqTfmo K57zaoyj q0F2ZreX WL433yqT ZhuS3REC Gnd9lw1Y YkCIcKU8 8sWOCRKN
062436660|t2CVbVL4 ewZeejPY gX4sgTuF in9TTYZz vR4QDax2 EQBPuMCb zwoOP5EA AJL5pGOP JU3o7kX4 kMZFvdGf
062436661|7d6l9piR VTZyJU9W irYni1Sn WRbqTmRg P8fG9sLu 2CCgFIUE C8v3GvZr mjqRHxzs Wx2vX5zA UKLfZu0q
062436662|8EK1B7LC wrS68UoJ xWjFXlDM RteTG2ZC 1UC7nSZb fpiOEOM7 GlXdjTag NpCPmtkY pp8CXYlc REON4Vj0
062436663|vb1J6VTq sbFbaDkv OTylBTZ4 ixlzKslj 5e65llAB k2Upxe4x NYL5e1FY HR9QlsmW BagzCzNB 2BSWPX78
062436664|cCtKl2le r6ZBOfy0 67tUsO0T DSnQVIGR oWzy4I6X Mhkbg3iU 2f7FVjcN 4dYmhSJP 5wzA83pz mhNqFlNh
062436665|ObmXjvir BhiWtmJy tJbkwkEl pCK2t7uF 02eEdLPM xX3KccmD EK1gbLBZ 3qMYknAI agrkS0sX VWxrR2uv
062436666|2EOt1scR RfrQ4anj Y5oKBFDt 5OyzsHzh znJt89c3 HIx9AINA Ma31ePhk gGDTvok9 p4E9Q7pt B1B3b0lC
062436667|vNnoU4L4 9CY8GUQx 4kfrsspu V8IdryHI FFAKKIEP tQ4rVUIU 1OlEB9gg osas2jwP E4OPGbdm qbelbZJ2
062436668|n7WwHnvF TwFv3nm7 UUSYnECl vNCgwrYw CNfwHYCY bcGQLfRg HBtkf54x 8THNtfL4 lVwvrSGN rL74WGbT
062436669|9qNt5Yj4 IKSYyN6n 6hz86unh oOUPHvD6 oYUPPbGA d7BxkNA3 7u7Zy66Q dYFfS3t0 LxrapfCb R1EncD3M
062436670|336fJUFj IG0scFIk DhPYqFce 4tICn4U0 Pr8xu64N WAdcuMmW BjYR7g09 WVjbLWft kLQrbLwB 9mnguCCQ
062436671|CQsMpFf7 WNeNvgIo IDErB4cS 6rvYHZ5G z9BXxkan L6ZDEEWw nymFpZXb imUWJ9n0 5TK7HIrn R6BI07nB
062436672|BO3WuhlW 2ixxNfDs qMpGWDxF 2JfV2OER wqlzFH1w wuZdqgZt W4d2T786 6xP1whTG XJqrSKWC 70lOFW5v
062436673|96TUqysv p5cslb0l VRf7LLBC YLrz2tyo OMsdnHFF 1ZCK0exj fS8zykgt 4lh5cald AoC89NOH ckwZCIgU
062436674|x9YIArgY C2BUI2CK cNjxogZ8 s3d0zSEP Ox1qLpXX ckgw7pRs r8UQXDaK u2CKMlCt lcUeVoD1 XSfLUdus
062436675|1TwPPJHt PJrpqYfQ fDVeSARt qVVcdrlk lN2pRcm5 FmGtwocy I7WJSv4Q BmLpkZEk KfALONza cT8KAAlQ
062436676|0pId9QUv DVPxmaP9 OShWjtYR aI0JHKTj 1GFByvSd 2fM4Y2UU DsUjh4wC BayiwtHH 70zSrGRZ bohvt7hk
062436677|wTN6yrSN jM16XAm1 WLNfwAFw 3kCALqi9 ON8ch22f v7xOEldK 7NBWq9sg tvDWdgi2 dKDOoEnf xiv6f2ED
062436678|dmBl1GvP kxzX2vmh t2pZoA6x 8mi8kAHU UA4QHOfg QSVWVUT1 GxgLEpEf vinywiT8 qFbY8Gwg pHMIlTU2
062436679|F4dCPZZI X3kXqGVh 1rNLNNzx PlrkgzNc sfB6kWop RRE7rzO2 3AX0EdE3 L3Pex5Fn NqzTtJYv hPqHrXMP
062436680|WKesqC0x yI5aF2Up dVcvsj82 DqVNUjNW QOcXNudm r4mnTjPQ yPswLNRT fp4c10x0 812BLiO6 XReAjKG9
062436681|3MhSMwtA 8hUM17x7 42dPzm9C RtKojtxH oUucgMUt AjnsF7h1 x6GxxyEm 9xczgVlA tYobosOW PzWwjGRK
062436682|ig3tjGpx IoOc7HhB spSe520y LdTNHXUD YGBS5Fc8 3Lgt2MUp 6D43p6WC mDSg4XFY jJXlgRGU BizzL1nj
062436683|Xhro3eBc CORVlWRi WlADnqnx eW31u7Pp 1uHdmfZI gA10jtKT vCPauXZQ IhNzIw5z 1E1yZp8u GJdDFBus
062436684|DMI4l3BT XqhVJwI4 DGgfhak0 zb1nKOR0 7BF2QgY7 u0MStksI mGpa4i3w GdPjTxdW p6Ur1mLs IQkfq8l1
062436685|BTBXQ0na B4XBn4A6 RMqTBD2j ZkzEz6Tm tBuOvq4f sHx6Kcua iwD4YujI yMbEYJfC s2ftUPR3 XKMw7yEH
062436686|sReXhHxG 712v2kmF nhTjO50B xsrl8swb O1yqRcdF GWuXuVwT nd3Kd2do 7klSPsSV YVWhjaPk dG8fTee5
062436687|sebXQTLH XN5WFIWV v7CcadGt g2eswdti RQVPiqoK XcH7CteC 5dqUEZo9 rCmiYlhZ 4wMWZg5u uxg4CC2o
062436688|pLw2sANa dFgKnNeq 7FmWjOgr 5Cc9a2RP M5ZcJVut xCBBFPEk lC4nIobG Y8yf1DWF du1b7DqI gYZ0Gi1C
062436689|V7HjNMF0 N2f1H6HS mesmzIiX beJ0y9t1 mEyNdpPx memw8rzo P9UPedIQ xMIfniMn 7DceEYiu qd1ipJTE
062436690|aHWWHpvP Fvnv7DV8 yP7fdM1Q SUAKQlt7 YSLnBfTf vxtJWQah 8YtobtAD 7ylKU0dx 6VfA0P0f ijNrztbh
062436691|w1ugMlDq z9ngaB6U 0UsjqYFP X0gFQiDP Fw649Ydy rpe1mQqz nncF2g2W SEIOAOyq GAupwiq8 uCZbBXwd
062436692|qQQRUpf2 dPDirQ7X TnvGYX9Q EJpd4PDU KihJiRFM KQJpuC5g 95X5VcZF TVwzyc0F xc0Xk1Ft dSlkVw13
062436693|Pw5Poufx GAQ10kyy 9jdLTXD6 nUAHcZbn RbnElT5R Ls2bKdZr v0MsPP9V 0he6CBH2 0HSZMmoU dDIKXACY
062436694|Xsmk2UdV V6bV9bp1 aHRpbr0V tE1cJTpv LjPnpg9t liV25PrI yjzsq3vz YsC5OWQU lyJObStj vwUvnyRS
062436695|7jrTZcSx TZtH5R75 xcjzgqMi sgofrIHo VLjWHwkX 3AhwOUMe uUMUx9pF b5gU8Jvd Taq2WU39 jrZ1f1aP
062436696|eifDoR4z Qfl5vPyp myKVKbTB yVpmQT6u 6jiD8MVj BYnVrZtg hpK1jIT3 ImlWpY8j RM10FQfl 6Wv4mRE2
062436697|gEo4OLA2 gbsQZU3c TXxpVa1J gjrSTUZq NdbVs6JF yP6OXRmo fcqJIVp8 cTcdqw1N jsTgibgA h1Lvw1Z3
062436698|8j8GYrdi L7i9Kxai b4ACSTSF cMexHNYH XRMIBEYk EkqAJf9u 10I10Ckv VDMgVJLH tLnuRYpm jP0cGVCV
062436699|wDHArlX1 A9n5UDrA RUDr2UII M0CZORrr rFRvYmu1 ibQH9kxt 2hpV5TPk fefqGzQi cjKIqPDF f9ufLcoC
062436700|FgjL8gWh 3BERZLmA 6lgEZCXS Qn9XVjJ4 6zz042oe I18tIonj Zu4rb9D6 ZGnpNTJI J0Z47lfJ oMJZJrUE
062436701|jt3N6kcB hXfv53Lt xXouAsth RBfZk5XL dnbX7vh4 ctIMOgII 7r6BLRFU WZtapyny eQ5zhYHB i4KAAUnd
062436702|JZxV9dFR GibZk8rA w5VrvdMk 01h3oF3A cPIVA2x6 WvUh2jF8 0JD5BMIH WiBWZsBd MJpa6C0k UQftSB2Q
062436703|DaOTruHv aiWK5lUA WtcZHiy6 6dPfbkas nKRnvqPU vPYeddbO gsp94dmQ 71L7pqgj E3bb9MxC xVMy9jT7
062436704|Za62hmud IbAVw4DY ABbu85sD 3JDNkkNx rvMJo4eK S1DElZ2t GSFqB3sQ c96sNcJU n82OeZBF WaAaaizY
062436705|aalevEja NsXCH9Qp doN21bKe tbrHUnEG p8PzAlnl 8K9BYaRn oyRnXUQa L4SjSpnE GcaWy4bA yJh7cb4g
062436706|sEmyzdKF gwaEr638 9h5se1xQ hWi1dZkz erBlH7Ey J0Pkj7BK XChThMP8 TuyLeD8I g6PDzHdv e4Ihlwkp
062436707|tKqQcaik 7tozx0QL cj4hx8Hp v3f4fHBj 8lk1XUTM BFPj6pbL a7yGXlov uTXsymy0 uoZreVKT uXi6Vn6d
062436708|yf59DvIO p9qN13hN QSy9pIJV 94HZg4c9 SFOli6Xg kdu2IsK5 R9SLJmur Zp5hdhrs 7mBz2cMI n2SBl78e
062436709|53URW3hA O8poXORm 0t84FLRn m1CjAiSI vbqhLGJX cYlCBU9O IVBEeSLq aXdsvRXW ADQwkDU9 V71LMW9O
062436710|u5boIX3X iNI2RfBy EfI9Iija yS6T8Bqw yQ4ubO8X T3aDueHb P3aFb85t q4sqrkSl SMNzaiA9 sfOzAzhn
062436711|b1iDF3B1 5fSJtr1P jM83DuSo gpvC5vU2 NxvdnxKO rekmWzK9 TKkgRWs3 XJ2LkB2b rWF6i6ZU QhWqJ5o1
062436712|ilk957QI yjp3IzYK 1PUm18IJ BMQr6znT sMox2EZ9 bdSI4UNv AfrRIR3Y ya3B3yfN v3zHDV2k 01PSNHs5
062436713|dCWHguXo u16wDYUl LCDa8BNC b0AJmsXu iYgmMKcs xgtxf9vG 6g4y2ZJC YsJ2Oweq D9dsoJSA LZpvJ0nQ
062436714|E3njiffC EJ3cNYdr MAOrTLEc O2IrJnoY QOq3Zz5S pIintF3l tw8xL2kt quRO2K3e iQPNeW4f UGq66lt5
062436715|3sYdM6TB mukPMFuC VgHZdJoM VGPLuStm ROFJfhTz fK1Cnfyt 8lAWODNC nIwWE4uB OEjnTKbt 0iafdiAT
062436716|1wVroddf mhxJocNY faApSfoA tupUf2rS 69T7YqUM osGtk655 CXKO5myc uRGI9dDn hU7cq4dO wDXREiAQ
062436717|lEpDkYOA d4b442EQ HWemNMxm xt8RmJLr 6NcXqwUK IoqvaCq6 zfOOQVA9 ufKLFHqL jq4CCRDb do0GGVIZ
062436718|ifTEaPzE W6p7t1Mr UBtPH26j bBnnMfPm oZzNxMGM FVsiiGnc sPJ8eSl1 JaOMUzpU CJZmPnEe SNPLUfPN
062436719|Y5jwlCNp 0vgCM781 LRFspiU3 QBnVYZtr sxlMpWkZ 7j5Rzmzp PQx9e9aa 7VCcHeqa yxQKE84M K7kWdCSw
062436720|3ZiLlhxe knBp7siM W3lqWFYl aWYi4l9g xMvOWPAQ xohxLqgQ TC9CYUga xTubkQl0 EyHocpcK hTJTkKcD
062436721|Rpsw97ka X4EmgYR0 PwvSQNgA ekR9cj8M 7pmSlJ8r ontLh5Yz FU89Qo24 QZIZZbGk Ko9vrOoh NM2G4Ys8
062436722|7bElBeqa cSKkff4L IC9iveZ4 0pi2sTAX InWSKh0z nsteCUi1 tIvNtn4h Z2Tb04mq IJa1gjAF rYeKQYry
062436723|c61gKHEI O3L31aEI 0pnJt4hU 0sgwaym6 rOnVqLYN HBdQltnB q0myHZ4k ieWufthx 3Lfs4Qbv koxuLQ9H
062436724|E1TNkmgL LTVyURQs Y0TGJHe0 F5dGqtpa 7h1rJxMp VxBGp5zK Gk8F0GsB ePstONfB InIEp9xS vO39njoG
062436725|XgtRaURn 1IWKr8Ez MNEUdkYQ EkYPoIG8 cyOZDMTd oCoVswkh ajvFJZ0P diV5IVfr lgjJ1THA ghqHNJsH
062436726|r8wBcUWk 0vrFqe9F 0FU6T53U 1qRVkvDK gewjLFcV RtzG47ss 0PHe8dYQ R33MjiPn kKbTgtAM 1oRnPPNf
062436727|K6ogIl7x qsWxA5BD VQsLxKcZ KA9dzaD2 jyvxzDUW fCgCUtXV 9yn3SR6j 5kP8qdjV HmU4D30Z Vc8EVGBk
062436728|9fsYTr97 5xgNKip1 MadaxsId 6Jzwz4Q0 0N69faM2 cDDv0Y4D j7kXBmfC ivmMaYHo lhMssvZx 6n0768tN
062436729|5VI5xyPW pEUkBRg9 6qsvVdjY ZKXcptQA g4w57jyI Ns9G2b5D oRoGEsAy vFwF3Tij RrwKSFEY rQns4FG1
062436730|z6JsO6Do y91KuGMc P19Cnvu4 QsiioNfb TSL0Lav0 QVBSoORr QhTi9WVc LvxKv3Y5 ujnQPUVz QxCpAVKh
062436731|po1UdQEY rJVidlYm xJ45fxUx WFHr05i9 244p7uTH PdxURHn2 8DB1lRuY QQqm9MiD 9m4SU4It IVv1rUJY
062436732|q47EJjuj 6IspPQ68 BTJcdowe CerX9j1Q Ya0DfHrC GEqxs3jr Ef82Y413 EC9rqGFz 8IvIyNPJ j40MAbgw
062436733|CIUOI2mS vvb2h7VA IjIuQdj3 bwBFxtx0 L09FMDXP tlabzgWD r6gERLCU tvkXdn75 Cjd06sG3 3eDAJA8S
062436734|mJu2r27o fje4qgxK eRvY7Kn0 m3Bm23Zx 2vGz7K3V jiKOJGAP hqfLsnni tBPWi7hj OvTO2n0H favY3Foe
062436735|b6JZCA8R LoP4GfpS gjq5KUCQ B61mro0T FL2byI8m 6cxdzlYf ktOmSG2l Zv6QgWlt YYx0oCKZ kWnRUZIR
062436736|bsxNDCG8 WnhcHfBM iyEag9J9 thCPHBuJ ELNBgUWg hjICHWjA ZWZzDaLp 9TVaLZlc EetDe6U4 9UCYsssn
062436737|IkFRFA0m eYTWB1s4 TX2FKVHg DQjmnZNC bHFBnacJ 2Sp4eMKp uyyfonSB QUxt20wf AxqvS4oq u4PMRJQD
062436738|BxXUf0d4 YnxQrhWR bKdeG3Wl ruGc1exu k2FQPojU 35gxGSrq xiHEEcKq Qzt6s74B tNEs2shy QFQ4RHYO
062436739|ZUPhZj4q SROlJGDF sc1QnUSo Iq29o9UB 3GjRZpHJ EGwqkKt0 1JkbI3d4 y8ux4NoX 3ijypTiF Sn07dHXw
062436740|FolLGpJ6 Ji2rcH5y Y8knm079 RDQXVyBt qGS7iBfW slXRrsfS hgIJ2Kve LCDTkTus H35xt73b LYwGAfmb
062436741|aBhUGGjJ Jla0rn0k J1RAoASh W5GhocaZ yzfGfYXf 5rSr9GP6 PmrQqmC7 8pFHxu8o k8VJSAZ5 ucJvI8z9
062436742|xG9GuRHg CVHpD69z 37QfMlVr ztOthZ8C KnORdjx5 V1VZBRWc hniunjl7 vFHVbzfF jSo3kFKW LTI2mIXo
062436743|9II3NyEG IR1wlPr0 d1tWYOfY ktQ6LdxS UhgpTMg5 FKNgRs62 Sxz2cdoA i1adcJp0 PrchUf5B gZnoXSbB
062436744|xbbhcWuT 3EtPAlo8 81R1z0so Vq8NBYVV QqFRAEJN lWExTqRm aYbyd1pQ l7jLOYHG DqjQkSWW e9QSAAD2
062436745|yf5z7lVa 7hvIKsO1 qaxTuV0o obQh59lg wpS3RFFf 35Rgsu4x 3MmYiARM LBAcroUr F2Pcoe8e U8xXIPMd
062436746|lTjfGuVh RwtdzQMs NjCYq7WX 0Y6gQGHJ 90HIhu3R RyiMDUT1 iTG91hXD mAafCBTm 5D5VAZQB NeRafCqU
062436747|3H9cwr1R NBSQCz2D Hnh7Occb Gr4aYB92 QsyfOQiU xhnP9t8U Qw6yvWfK bTAycVk1 nAO718rk GrYbrf2m
062436748|0mKMmTjo j0X8kSdF qeRVfOh0 CysecziJ qUrTdjaS sMm0wQQE NsASjCoA fwj0m6St EAXGJXNH DlH6HSLT
062436749|T9GCHbsy Bqnn78fM btqHVLfG Wo4UDwJV AfLBuXrE bUZNL7oC 4mW24X1X l6nC2CsJ e8Xpjr00 ViOoR3GK
062436750|1l5gf2Mb DYhrr72a Op875WEF Uus1zt1K 2jsnPtb4 JlrZwOmF kkXys9pC 0oF1zrFV iCGrMYo0 S6yfvkHO
062436751|dYcl3sYA tURB8AH2 9CrDljez n7QFncX8 MSTnP2mL tNNnXZJA JpVG6j83 YHvzalZG XgPIvki8 RInLQQCr
062436752|QOfKF1Gf bUTNBQYp bjNKDefT v9WQBhV1 l2T2bd5I ssSakXCv nbB2smnb 835CixmF SpJRkizQ uwjfYqM0
062436753|f5FzTgly FDvQUTsl rqHH2mnW pccsv8oH HxNAUjW7 nySKP78e YHTyOEqS R0DM2RvV 6EZzTPKs nDnvG5Jj
062436754|auseZoC7 XnpnPEtz U2BnvKjq 8mpV5ttq 4SbR1j65 FmlEm5DZ Bfg5W4Fs 9QSVF8fx N6dgM652 cZb6dVv7
062436755|QiJZskUZ Nqo7Iapv J8HweEyB sbNWZEgt w8IahBjK Ca7hTGYt RQOPiOYJ UVax2zp9 ORivsl7k h5amHMsS
062436756|52HTIWaA kmIlBz7Y kCVkxfYd xa67cMul jFyGzCME krK9Ki5S P9UhzR7N ViSbNKZ0 yUy2vWeS d7MI1rbN
062436757|t9GjuYqR dAEKSlj3 Mj8NrgE8 QYXhqYjt 4yF3HUBO 3HTBB6kZ Hbqcy4gZ 35NiPguH IGf1YDQ9 7GIlHzFW
062436758|CCsUlh8H mK5JqCrc DqhkpGRe QzSB78rX 98HWFTtJ 4LYsYZAB Ene0aIZV R8dw5ATf FI5CFKyD u0NU7LMD
062436759|3AQWr1sB xyNpstT3 jgXPKPos tNNpK5pP GrCpGIqj qX2Jz3Uq uxRGir8v BFy9Xj9L w34xN936 gUWlU77F
062436760|H0Gi4DFG S9obFW74 YXxPeGi1 FQ2ILwko qAhJpenT PB0yJxfY VRHFblne Tei3C9XO BNO5imQj nlb6M4Ii
062436761|fq1xzLRv NHySImQo 010cIdVv Etwp6BNA tERk6NFg FzbmJg2j 0YJ2vQdX Oc6CkuuG OiDJnQTE QtM9TvEN
062436762|opgvMeD4 t4410g0b KcVmTwOr jgsZD0Io dKu9uDaD qn9ldBMr lUutjPTf YVP6HP4A 2NNdZ7oP TObRzRew
062436763|wO5W6V8T L7C4SrBo TmM58Wvh 9yOZHHah cHdDG5Ik RNVqdbzn zM7uaIO3 RlTqMmD1 iRIJ922t JhDMByUP
062436764|MVUTH47M 0c9qYnp3 zmei2b7j IaEV7khF DWJ93Ejo G6SjOlcM xr3n8IwV eS0jBn1B T4WN7oAx VT0H7VNz
062436765|Stc2su8d Afy8PEux myA1jf9h uAcgLvxM NxMXjzGW xm1LieKY rj5gTvGa tr9tTvEK UFDtNbP4 HYTCq5Ql
062436766|EW1u0j1q LGrcwTwI Fre1PIyG Q03QiIQt 5AOozV8Y RW7BUAB4 GgPdq8E2 6xxrAz9y NzwicBsh npLApdNO
062436767|G8AN4bEm GKQJKtjN 8zDKGAGG n4sEFXKW t4weCSlV 8FwzWXdI OkpywEjs clFnpIoI vMEhrSmA 5fsuktWr
062436768|vB1MoXca tXWBKGPU WObngVmh eqS20Oda U6viAmpA gzbeduv2 rgC7ZNj6 7tifh7nT k4AFeaZl iB0dkEwS
062436769|SFYE8Pez SzcEOGWs MmWgebdy l8pk9d4l u9f3JBBn KWQN6k5A OgVtBgo7 HJUW8TwM O3GkxDOC QXyWoHFp
062436770|HEDhwm4s PU9mj5R2 910hPnIQ 1l0rYYrh JopHBvPs F1EVJUUh PbdZZSsh T9fGtqrw 3wXHvnS1 RdfxsqLd
062436771|uxfhaQvr UNHOGGZM bRbYxQXX K7jt3QPX ZJ6CIfmA v9Fv44sp S8BI4jNM dsut3hI1 ghneFm72 ALDKVRzT
062436772|FfrVqS3v 4f3gySpF 8YGOI6K3 ASwpsCDf ZyVGC25M YNlSJwMi XwBr3ygi Ff3BjBn1 ODtGFwJK HhCwKQEu
062436773|MEsGeoXk 9tDXfbGK MICT6hCI NRmKwTPX QCX1zkmu ap6Kp5NP xIvO4xQ3 ENWgmLoO jg5j9Obx fNH8EcDH
062436774|eWmfw3Fy scKIKozh 5rpK0jya iMSuMS9k dAe7D784 vsSWQhFQ YUIyPE0d pa6vY6xP xuOFtEyW nKFn8jCH
062436775|rXXJnZlc Zz9tEPRE HYSoLhKu reromSUt wBmhWt5z QYaZaNru z0ZqnaIw 7OtDVpEz 9wPPuiq9 fpNSRlZe
062436776|AfUHKc8m ViP5xMMR 12gDAhn4 Ik90yBa6 Z2R76D9j Twt51sDo nfWzBVEo ReglMkTF fBe3SnZZ c5K8R1Hk
062436777|3xcE9Qzr oyFnVk4c msCI8nnl 0wVJQhko dd8wf5h1 S2OSEpAR Mad0weHn a7Q82scb qDpUhzvc xDqAD3j5
062436778|d96x0tTs DvF80bwD GoDAIg6k Dam13MUJ LLqTGn4A ChcHbfC6 Jx27iMtW VI9Re8Pw zpuVnips hzO6sVNp
062436779|HL29R8pO khJD9KDC 5XT2vJVK y36xnJHH knjNam3J uJTPom93 8VgXoejJ ELLlUKTV V3Wh9gGF A6ZCNB6h
062436780|E35BygG9 SolWiq6R qx3lhD9V 7kVn9W2q tfRMVW72 SHV3C7Mn rAvUoP3C NaOqOBE7 rZFGVwvS nnRluDzz
062436781|alpxcFV3 BVyzubkx 8nuPum6Q G6ZJrOjn vtwuDKNK kK2oNnks dv3Bk4RF q8dl0gxv GkER19Qu D2FEkIId
062436782|jwCigATe WTIamvf2 aCBdHacg 9bpIJqtf 6lZzg7Y6 G7Onx3Ev qVwv0nsN GbiQFNzm s92hc1qV bGTlQC3s
062436783|ELZbhs3z rBsFsqKf RrgA0uGE jhYUHsNw Q8zixSvB zQvTGRyX dsMU0Mg1 ttQabq0l U6KxYk00 mxMtebcd
062436784|lZoxNHnV gYRWhk5Y hBhSBGwM n0W9wrps aWcYsWbS Pymc8iQt 7hYNgxkI UuvAe5OU cCGPApAA QzCEuL4g
062436785|cNkmiQMv EmY5Lkb1 LAqRdSre OqlUy1Yp cPZleEmH OdnREEAT 6v8sIyXe Rbgdf6ap 2CdCB7Kx RsvghZKc
062436786|rAl17gyv 0jRe0VPZ dCLAYvN1 qiUt8VMh TA3IjWwN Z5dVQVQ9 NADfyJBR X9SZvtMs gnFmLXnA 9XyjFtZh
062436787|B3nYqlEm D0RWF9Ku 6cBwk6XL vz7PObcD jW1TndOo LjlTpQ5e INcFr5xT wdUybBU9 B3XSq8Ax owyYFxkJ
062436788|5FfvmX5M fRWw0Q9w RDWpZizJ UfeDYxfg pCATY3YE Pw2uvR8b 1KrAm9Hn YPyBQh5f 1CS31ji7 puigtL4G
062436789|Tu6mfHbm mrnGiuMF 7PyW0HaP H4ENjuFc IHFGXhpT 2QUQqV42 zXsypnBr jCS95XAo M9pCKV2U hrXHv3OL
062436790|G4ipD8uE bvYml1xu aocucKSq yRffULAH 13GV9aoZ ZfiwWmTq 3YzqMm47 X45O1YHK 7IKP0a0p N2kqMRAy
062436791|v6wt1hdb ocfDxoUG ECAIt6Ww gl6Q36KA Etg8omuB yyvug6rZ kO0dk14I bfzNSOkT gJoBB6lu tHVLP57U
062436792|YQPXjLDg NMzn2Smm aluA8Hbo uqpDUfxZ nNTIh4Sf IN6wvDud Py60yyHu dCjB9ra8 OnY0AYDS 22eQOivv
062436793|hUH2VHIj GThsarQB JrrIP6jE Xo9ff1zI mDXwW07l YQNIwpbM uq34WohZ vrEqfGo6 hd8nklaB fk5CN0yP
062436794|kQF76zN0 EhXnjeBD aOAnoj5B 00PKW6vu Ga3F5GgC pHrZsfnN zZvAtt6Q HFBy6WDm cF336e5X QGBhpjBs
062436795|z4bn0M4U bMmTPHCT 43cttgjf aSejhbgC eLAIdBN5 elcVnVPA nSem5bIG 61mAlotv He0oKVBD E0JjcpNU
062436796|8AA7VfAB GonMh8xV HeHdIfRz kHlUpukM gtierc7j TdiQ3HKC BU89EYhA L2qscrny HgcdrCzp HiYkl0uV
062436797|9xAqRnrI mlg47pbb OlhbpMfX fqTAGxds BLol6FmY KeMo5O8b RFYg5hXE y013e8Gz yqMoje3I 5zuuBNfh
062436798|ZFjbpHVc Ns18jg1L uGEsFoe6 nZhxKJYi zGG3GSWF 2YICYCmN Ksyizb58 nW7y4Kg9 xl8l6hrS M62prURx
062436799|SXzEqv9W kKTSLftK llO0wEpj GjfaCKSj j8iXALnV APhSieLr RrgFV9gc Fgf4c3J5 E5thhme4 x3VJ8EJH
062436800|4296RVU9 5gYfYQCD PdE1RlNm 4pGonjRD 2lQSI5ZB Tq8Ph41z BrkUCJGC RvS7j5h2 Y9mQt4cN r96kJCSY
062436801|uGB3hXzX X5BrkVdI fP9WXf5Y yUeljkNK 9T99AZIc CP786YTR cZqE4Qyy fgAMylcX kHVJfzWb jTUQmf1u
062436802|b2QPb00a vSppXc3B Ml7bCdOa mNpu0Vzq YjfJEljD xhfhKszs V0JIivIs s562n7De mLvCJB7C USqTuCO3
062436803|YnDI74ac AzPOOoFa i2MafSjl T38xo8y9 h8YofEuF eUSrqrHg V0Scemod 9eJyDT27 KkTWl0KQ aZBenu2O
062436804|ygXbtakY eKl5ZwPR 4PdWgXEc 0yXdGa7B SyTukhtZ QnzUXvIx K6TvnWGS 16I1PdXU nXWsU2K7 QQBOJACr
062436805|Txkyc47c 9C9BshXF NHzkGCSI G0MxYQ3l PAqnKW7l K5A0oPDO dNARziur FPErR5wC Dz9mLUMf azfI6teg
062436806|cKTA8vJn EQ82AcHD fcyiYP8m KRy7iChi MyttVlR5 NRT5HWXZ sjdJJ1kj cTrKPgoh zk45USZ3 LqBF7nA8
062436807|eRlPCBOu 9zUDAv9Y F9imTv5M aDzIx7Hc oMW9vUSq VPlOaZun L8FR6wWz B0sbpJtA jI2fJ38m 19Eol6b0
062436808|zZp17giD bdnBbWNk 7pQ1I3jP 23qSFmi2 zu0ngGVf siNlE5tt dqqZkphu tUk3UBVZ spMkYt28 MJdx6RRm
062436809|O0GlJ7KT sz4EX6Hu LJb49rlm nsKARqPN 9cKrYxy7 REzxtBKC vimF4U3L jcqcLzc8 c2XaYoNk smIKy6Pk
062436810|lPIYHlGt oQgAAIAM bcmBaScL QUOnotA3 AtOzQVWV e1ZbPRd3 GCQVjYs5 l0Zh1biL XfsMj1EV kncnJ1OK
062436811|ZnZTg8Ov qFKWzFUS hAGGx454 Fs3Qkmas BGilFsLf X85hycOP mjE2xUMw Zwm7AknK rdxONnyG 4jtYC0gj
062436812|81ZAY5H4 FqRBFGnU QEL6eaqJ 8ILMu93t MYMpPj4y wsVuiEAS xU4smA0M m2BLDbuk PeUFWzKU dAPgZbQs
062436813|RrADBUUV cKlexvTe ntXKTRA1 4H4AHi2Q sAHupHLU lyuqqdAq 6Fnjykrt 81G0kAhQ EAUMyLYo IgxlWG4x
062436814|FVdeBcFD yGtvmODs QdAWhZQv lTINlbuI HGUVYehZ MvzmZ1e6 5mPuqieG 6suCs4YO MY903onm sJLgsHsy
062436815|Ieb9QGqy DQcHX4BC McnDtN70 tMCiClVz CaEG80ml oClkze4N keBH0NOa YnK52xJK rcFsBCCT X6V2fZhP
062436816|j4jrobKY HoRb126A FHjpwJE5 O9NxyOPz S2r9jkkf B36eQy3v M1EmwoZm 3qy3tqHz UROf6yhN 6rpqqJl5
062436817|ilVn1a1P 5S5W9TDd tdDpxlW6 roFtO3sU IqucLrhO iJU5SuMJ eIEscvQE mAPj1M1K qh91S1Fb MQTlpmgp
062436818|AViGDAVI EHvPftZt gK9L0Ojc LmEOVgVy kyhOrUSP X2w8YypS 3pxetNeE xCPf4E0j dCF3fxto TIZCqjK6
062436819|Y0fRpzMG giWnOeyr ROxQ7wWY tLn00WBx uRdGbTzd TUH33uOK 3RX2igtT w1suN1Y8 ZuMfycvt EtGqIDFK
062436820|GZWcGImY ZnI01gcY v4hnXxvo Zxg0OGtx L83W81cH GNTXWGSw Y8ehUgyd UNCLyG07 cGsj1PWr P0eQIlzQ
062436821|7ev6eG5X iwbk4ues X0MhemGI ZNV50PRg 139ZWYKW 6LSgCFv2 cjlrV86v yvP5rAsc 8NyL3QUR iLXC0tMb
